s,C,C,C,C,C,C,C,C,C,C,C,C,C,C,C,C,C,C,C,C,C,C,C,C,C,C,C,C,C,C,C,C,C,C,C,C,C,C,C,C
Time,"Temp_Centre-1","Temp_Centre-2","Temp_Centre-3","Temp_Centre-4","Temp_Centre-5","Temp_Centre-6","Temp_Centre-7","Temp_Centre-8","Temp_Centre-9","Temp_Centre-10","Temp_Centre-11","Temp_Centre-12","Temp_Centre-13","Temp_Centre-14","Temp_Centre-15","Temp_Centre-16","Temp_Centre-17","Temp_Centre-18","Temp_Centre-19","Temp_Centre-20","Temp_Centre-21","Temp_Centre-22","Temp_Centre-23","Temp_Centre-24","Temp_Centre-25","Temp_Centre-26","Temp_Centre-27","Temp_Centre-28","Temp_Centre-29","Temp_Centre-30","Temp_Centre-31","Temp_Centre-32","Temp_Centre-33","Temp_Centre-34","Temp_Centre-35","Temp_Centre-36","Temp_Centre-37","Temp_Centre-38","Temp_Centre-39","Temp_Centre-40"
 0.0000000E+000, 2.0000000E+001, 2.0000000E+001, 2.0000000E+001, 2.0000000E+001, 2.0000000E+001, 2.0000000E+001, 2.0000000E+001, 2.0000000E+001, 2.0000000E+001, 2.0000000E+001, 2.0000000E+001, 2.0000000E+001, 2.0000000E+001, 2.0000000E+001, 2.0000000E+001, 2.0000000E+001, 2.0000000E+001, 2.0000000E+001, 2.0000000E+001, 2.0000000E+001, 2.0000000E+001, 2.0000000E+001, 2.0000000E+001, 2.0000000E+001, 2.0000000E+001, 2.0000000E+001, 2.0000000E+001, 2.0000000E+001, 2.0000000E+001, 2.0000000E+001, 2.0000000E+001, 2.0000000E+001, 2.0000000E+001, 2.0000000E+001, 2.0000000E+001, 2.0000000E+001, 2.0000000E+001, 2.0000000E+001, 2.0000000E+001, 2.0000000E+001
 1.0098100E-001, 2.0000000E+001, 1.9999998E+001, 1.9999997E+001, 1.9999998E+001, 1.9999999E+001, 2.0000000E+001, 2.0000000E+001, 1.9999999E+001, 1.9999998E+001, 2.0000000E+001, 2.0000001E+001, 2.0000000E+001, 2.0000000E+001, 2.0000001E+001, 2.0000001E+001, 2.0000000E+001, 2.0000000E+001, 1.9999999E+001, 1.9999999E+001, 1.9999998E+001, 1.9999998E+001, 2.0000000E+001, 2.0000001E+001, 2.0000001E+001, 2.0000000E+001, 2.0000001E+001, 2.0000000E+001, 1.9999999E+001, 2.0000000E+001, 2.0000001E+001, 2.0000001E+001, 1.9999999E+001, 2.0000000E+001, 1.9999999E+001, 1.9999997E+001, 1.9999998E+001, 2.0000000E+001, 2.0000000E+001, 1.9999999E+001, 1.9999999E+001
 2.0196200E-001, 2.9862952E+001, 2.0199863E+001, 2.0000913E+001, 1.9999998E+001, 2.0000003E+001, 2.0000005E+001, 2.0000005E+001, 1.9999998E+001, 1.9999991E+001, 2.0000004E+001, 2.0000008E+001, 2.0000000E+001, 2.0000002E+001, 2.0000007E+001, 2.0000004E+001, 2.0000001E+001, 2.0000000E+001, 1.9999999E+001, 1.9999995E+001, 1.9999992E+001, 1.9999992E+001, 2.0000000E+001, 2.0000006E+001, 2.0000005E+001, 2.0000003E+001, 2.0000006E+001, 2.0000000E+001, 1.9999995E+001, 2.0000001E+001, 2.0000005E+001, 2.0000005E+001, 1.9999997E+001, 2.0000000E+001, 1.9999996E+001, 1.9999987E+001, 1.9999992E+001, 2.0000000E+001, 2.0000002E+001, 1.9999995E+001, 1.9999994E+001
 3.0294300E-001, 1.5455888E+002, 3.5682845E+001, 2.0322497E+001, 2.0004260E+001, 2.0000007E+001, 2.0000008E+001, 2.0000013E+001, 2.0000001E+001, 1.9999989E+001, 2.0000011E+001, 2.0000019E+001, 2.0000005E+001, 2.0000009E+001, 2.0000017E+001, 2.0000011E+001, 2.0000006E+001, 2.0000003E+001, 2.0000000E+001, 1.9999994E+001, 1.9999988E+001, 1.9999988E+001, 2.0000002E+001, 2.0000012E+001, 2.0000010E+001, 2.0000005E+001, 2.0000010E+001, 2.0000001E+001, 1.9999992E+001, 2.0000001E+001, 2.0000009E+001, 2.0000008E+001, 1.9999995E+001, 2.0000000E+001, 1.9999993E+001, 1.9999977E+001, 1.9999985E+001, 1.9999999E+001, 2.0000004E+001, 1.9999991E+001, 1.9999989E+001
 4.0392400E-001, 3.3516966E+002, 9.8509123E+001, 2.5814864E+001, 2.0194087E+001, 2.0005477E+001, 2.0002032E+001, 2.0001572E+001, 2.0001237E+001, 2.0000984E+001, 2.0000837E+001, 2.0000710E+001, 2.0000582E+001, 2.0000495E+001, 2.0000431E+001, 2.0000362E+001, 2.0000300E+001, 2.0000253E+001, 2.0000209E+001, 2.0000169E+001, 2.0000133E+001, 2.0000109E+001, 2.0000107E+001, 2.0000105E+001, 2.0000087E+001, 2.0000069E+001, 2.0000065E+001, 2.0000043E+001, 2.0000023E+001, 2.0000030E+001, 2.0000037E+001, 2.0000031E+001, 2.0000008E+001, 2.0000012E+001, 2.0000001E+001, 1.9999976E+001, 1.9999986E+001, 2.0000005E+001, 2.0000011E+001, 1.9999991E+001, 1.9999988E+001
 5.3699906E-001, 5.0487884E+002, 2.6284456E+002, 6.4282765E+001, 2.4008150E+001, 2.0210976E+001, 2.0020862E+001, 2.0012553E+001, 2.0009754E+001, 2.0007801E+001, 2.0006394E+001, 2.0005292E+001, 2.0004412E+001, 2.0003702E+001, 2.0003129E+001, 2.0002635E+001, 2.0002211E+001, 2.0001864E+001, 2.0001559E+001, 2.0001299E+001, 2.0001082E+001, 2.0000898E+001, 2.0000768E+001, 2.0000659E+001, 2.0000549E+001, 2.0000447E+001, 2.0000380E+001, 2.0000300E+001, 2.0000229E+001, 2.0000203E+001, 2.0000182E+001, 2.0000149E+001, 2.0000099E+001, 2.0000088E+001, 2.0000060E+001, 2.0000016E+001, 2.0000018E+001, 2.0000037E+001, 2.0000039E+001, 2.0000008E+001, 2.0000000E+001
 6.2937417E-001, 5.1467350E+002, 4.6521531E+002, 2.0997380E+002, 5.0769050E+001, 2.2804315E+001, 2.0189305E+001, 2.0045481E+001, 2.0032442E+001, 2.0025819E+001, 2.0020953E+001, 2.0017208E+001, 2.0014365E+001, 2.0012010E+001, 2.0010107E+001, 2.0008482E+001, 2.0007136E+001, 2.0006011E+001, 2.0005043E+001, 2.0004202E+001, 2.0003537E+001, 2.0002920E+001, 2.0002465E+001, 2.0002062E+001, 2.0001725E+001, 2.0001410E+001, 2.0001173E+001, 2.0000951E+001, 2.0000758E+001, 2.0000647E+001, 2.0000545E+001, 2.0000444E+001, 2.0000335E+001, 2.0000280E+001, 2.0000216E+001, 2.0000133E+001, 2.0000115E+001, 2.0000120E+001, 2.0000109E+001, 2.0000060E+001, 2.0000039E+001
 7.1300635E-001, 5.4265757E+002, 5.5360569E+002, 4.7107458E+002, 1.9284149E+002, 4.4650742E+001, 2.2072234E+001, 2.0169363E+001, 2.0059656E+001, 2.0044978E+001, 2.0036037E+001, 2.0029309E+001, 2.0024366E+001, 2.0020276E+001, 2.0017009E+001, 2.0014210E+001, 2.0011957E+001, 2.0010064E+001, 2.0008449E+001, 2.0007024E+001, 2.0005936E+001, 2.0004878E+001, 2.0004118E+001, 2.0003421E+001, 2.0002873E+001, 2.0002346E+001, 2.0001941E+001, 2.0001583E+001, 2.0001273E+001, 2.0001081E+001, 2.0000899E+001, 2.0000730E+001, 2.0000566E+001, 2.0000468E+001, 2.0000369E+001, 2.0000250E+001, 2.0000211E+001, 2.0000202E+001, 2.0000178E+001, 2.0000112E+001, 2.0000079E+001
 8.1292191E-001, 7.3942955E+002, 7.2965669E+002, 7.1132853E+002, 6.0819670E+002, 3.5245844E+002, 9.7740152E+001, 2.7292243E+001, 2.0458223E+001, 2.0086870E+001, 2.0059398E+001, 2.0047279E+001, 2.0038872E+001, 2.0032066E+001, 2.0026719E+001, 2.0022165E+001, 2.0018602E+001, 2.0015606E+001, 2.0013086E+001, 2.0010838E+001, 2.0009170E+001, 2.0007501E+001, 2.0006331E+001, 2.0005226E+001, 2.0004401E+001, 2.0003588E+001, 2.0002957E+001, 2.0002416E+001, 2.0001953E+001, 2.0001654E+001, 2.0001365E+001, 2.0001107E+001, 2.0000870E+001, 2.0000716E+001, 2.0000573E+001, 2.0000405E+001, 2.0000339E+001, 2.0000309E+001, 2.0000268E+001, 2.0000182E+001, 2.0000133E+001
 9.1066364E-001, 7.2907535E+002, 6.4328609E+002, 6.4098001E+002, 6.6382490E+002, 6.7746325E+002, 5.9353744E+002, 3.7945854E+002, 1.7282845E+002, 4.8097181E+001, 2.1759633E+001, 2.0116825E+001, 2.0061017E+001, 2.0048967E+001, 2.0040185E+001, 2.0032934E+001, 2.0027393E+001, 2.0022810E+001, 2.0019024E+001, 2.0015668E+001, 2.0013219E+001, 2.0010760E+001, 2.0009053E+001, 2.0007433E+001, 2.0006258E+001, 2.0005095E+001, 2.0004183E+001, 2.0003421E+001, 2.0002774E+001, 2.0002345E+001, 2.0001925E+001, 2.0001559E+001, 2.0001238E+001, 2.0001016E+001, 2.0000821E+001, 2.0000596E+001, 2.0000497E+001, 2.0000441E+001, 2.0000379E+001, 2.0000270E+001, 2.0000202E+001
 1.0062923E+000, 7.8141702E+002, 7.3826515E+002, 5.7589437E+002, 4.5286503E+002, 4.2063568E+002, 4.3318644E+002, 4.4951058E+002, 4.4716565E+002, 3.9340472E+002, 2.7283932E+002, 1.4969912E+002, 6.4010466E+001, 2.4835793E+001, 2.0208807E+001, 2.0048043E+001, 2.0037807E+001, 2.0031073E+001, 2.0025678E+001, 2.0020991E+001, 2.0017619E+001, 2.0014282E+001, 2.0011963E+001, 2.0009786E+001, 2.0008235E+001, 2.0006705E+001, 2.0005497E+001, 2.0004505E+001, 2.0003665E+001, 2.0003097E+001, 2.0002540E+001, 2.0002061E+001, 2.0001650E+001, 2.0001356E+001, 2.0001104E+001, 2.0000821E+001, 2.0000681E+001, 2.0000596E+001, 2.0000511E+001, 2.0000376E+001, 2.0000286E+001
 1.1027154E+000, 8.4668893E+002, 8.3541446E+002, 8.1916115E+002, 7.5305707E+002, 6.3354472E+002, 5.1328686E+002, 4.1766258E+002, 3.4780806E+002, 3.1966377E+002, 3.1901042E+002, 3.1442604E+002, 2.9512834E+002, 2.3213679E+002, 1.5438201E+002, 8.4620452E+001, 3.7672522E+001, 2.1456822E+001, 2.0067029E+001, 2.0027648E+001, 2.0022768E+001, 2.0018397E+001, 2.0015326E+001, 2.0012509E+001, 2.0010518E+001, 2.0008583E+001, 2.0007037E+001, 2.0005788E+001, 2.0004728E+001, 2.0003994E+001, 2.0003279E+001, 2.0002673E+001, 2.0002157E+001, 2.0001779E+001, 2.0001458E+001, 2.0001108E+001, 2.0000918E+001, 2.0000796E+001, 2.0000680E+001, 2.0000515E+001, 2.0000398E+001
 1.2042478E+000, 8.7023389E+002, 8.7295072E+002, 8.5911503E+002, 8.1837144E+002, 7.6844685E+002, 7.2335927E+002, 6.9107564E+002, 6.5980508E+002, 5.9976328E+002, 5.1930997E+002, 4.4702261E+002, 3.8741269E+002, 3.3438480E+002, 2.9369658E+002, 2.6326697E+002, 2.2688828E+002, 1.6891677E+002, 1.0823978E+002, 5.9099731E+001, 2.8714583E+001, 2.0626171E+001, 2.0033065E+001, 2.0015508E+001, 2.0012808E+001, 2.0010418E+001, 2.0008488E+001, 2.0006966E+001, 2.0005679E+001, 2.0004773E+001, 2.0003907E+001, 2.0003183E+001, 2.0002572E+001, 2.0002119E+001, 2.0001739E+001, 2.0001333E+001, 2.0001099E+001, 2.0000949E+001, 2.0000808E+001, 2.0000619E+001, 2.0000481E+001
 1.3051420E+000, 8.9964685E+002, 9.0157459E+002, 9.1286566E+002, 9.0468811E+002, 8.5950235E+002, 7.8626578E+002, 6.9260144E+002, 5.9580524E+002, 5.1775437E+002, 4.6572723E+002, 4.3063518E+002, 4.2180408E+002, 4.2960540E+002, 4.3049176E+002, 4.1559754E+002, 3.9467694E+002, 3.7239180E+002, 3.4080525E+002, 2.9783174E+002, 2.4006397E+002, 1.6826978E+002, 1.0130887E+002, 5.1360742E+001, 2.5716011E+001, 2.0360984E+001, 2.0018185E+001, 2.0008569E+001, 2.0006864E+001, 2.0005698E+001, 2.0004629E+001, 2.0003751E+001, 2.0003019E+001, 2.0002474E+001, 2.0002025E+001, 2.0001556E+001, 2.0001271E+001, 2.0001089E+001, 2.0000925E+001, 2.0000713E+001, 2.0000551E+001
 1.4060362E+000, 9.5788874E+002, 9.5039547E+002, 9.5892409E+002, 9.7863775E+002, 9.7036410E+002, 9.3160456E+002, 8.6931478E+002, 8.0078861E+002, 7.3039777E+002, 6.5807979E+002, 5.8228308E+002, 4.9581592E+002, 4.1705796E+002, 3.6061489E+002, 3.2456035E+002, 3.0495107E+002, 2.9978282E+002, 3.0392557E+002, 3.1088968E+002, 3.1894534E+002, 3.2571146E+002, 3.2432323E+002, 3.0722034E+002, 2.6627481E+002, 2.0376172E+002, 1.3775984E+002, 7.7064595E+001, 3.4128138E+001, 2.1124540E+001, 2.0038124E+001, 2.0004978E+001, 2.0003661E+001, 2.0002969E+001, 2.0002418E+001, 2.0001865E+001, 2.0001505E+001, 2.0001276E+001, 2.0001077E+001, 2.0000835E+001, 2.0000642E+001
 1.5018356E+000, 9.8632317E+002, 9.8205858E+002, 1.0035292E+003, 1.0219348E+003, 1.0111407E+003, 9.7884373E+002, 9.3127715E+002, 8.7426833E+002, 8.0832444E+002, 7.3773338E+002, 6.7768066E+002, 6.2634251E+002, 5.7281016E+002, 5.2050671E+002, 4.7610513E+002, 4.3230030E+002, 3.8890688E+002, 3.5182959E+002, 3.2097217E+002, 2.9542580E+002, 2.7673620E+002, 2.6630798E+002, 2.5945416E+002, 2.5534284E+002, 2.5571087E+002, 2.5821018E+002, 2.5883581E+002, 2.4423914E+002, 2.0020754E+002, 1.4570265E+002, 9.2700243E+001, 4.7053023E+001, 2.3708251E+001, 2.0173554E+001, 2.0005747E+001, 2.0001798E+001, 2.0001471E+001, 2.0001237E+001, 2.0000966E+001, 2.0000737E+001
 1.6006700E+000, 9.9215706E+002, 9.8781491E+002, 1.0243080E+003, 1.0361693E+003, 1.0192892E+003, 9.8492146E+002, 9.3581505E+002, 8.7864103E+002, 8.2194835E+002, 7.6600682E+002, 7.0475025E+002, 6.4927448E+002, 6.0483604E+002, 5.6304854E+002, 5.1631593E+002, 4.7004964E+002, 4.2705578E+002, 3.8849557E+002, 3.5645305E+002, 3.2960824E+002, 3.0490230E+002, 2.8365867E+002, 2.6603838E+002, 2.4920209E+002, 2.3606380E+002, 2.3075220E+002, 2.2850431E+002, 2.2489603E+002, 2.2218627E+002, 2.2102098E+002, 2.1964055E+002, 2.1448244E+002, 1.9070516E+002, 1.4911837E+002, 1.0574741E+002, 6.4139346E+001, 3.1942891E+001, 2.1082751E+001, 2.0041574E+001, 2.0001623E+001
 1.7035635E+000, 9.9129000E+002, 9.8128070E+002, 1.0157548E+003, 1.0264069E+003, 1.0101391E+003, 9.7406507E+002, 9.2882816E+002, 8.7928309E+002, 8.2836040E+002, 7.7927409E+002, 7.3039482E+002, 6.7934710E+002, 6.2755706E+002, 5.7868094E+002, 5.3463087E+002, 4.9646072E+002, 4.6472259E+002, 4.3509937E+002, 4.0398299E+002, 3.7352399E+002, 3.4719803E+002, 3.2118413E+002, 2.9749248E+002, 2.8163654E+002, 2.7023395E+002, 2.5455456E+002, 2.3761771E+002, 2.2429171E+002, 2.1314501E+002, 2.0301380E+002, 1.9494908E+002, 1.8835629E+002, 1.8455264E+002, 1.8394310E+002, 1.8547375E+002, 1.8699648E+002, 1.8056925E+002, 1.5506500E+002, 1.2112961E+002, 8.7463021E+001
 1.8028293E+000, 1.0000020E+003, 9.8742800E+002, 1.0095312E+003, 1.0321622E+003, 1.0243005E+003, 9.8879884E+002, 9.3991782E+002, 8.8867111E+002, 8.3832817E+002, 7.8978448E+002, 7.4312994E+002, 6.9502464E+002, 6.4669997E+002, 6.0165908E+002, 5.6328570E+002, 5.3048074E+002, 4.9298702E+002, 4.5532221E+002, 4.2246885E+002, 3.9347053E+002, 3.6579454E+002, 3.4112804E+002, 3.1741262E+002, 2.9291940E+002, 2.7026272E+002, 2.5547459E+002, 2.4466134E+002, 2.3310665E+002, 2.2378680E+002, 2.1866393E+002, 2.1488441E+002, 2.1209553E+002, 2.0672786E+002, 1.9883540E+002, 1.8915215E+002, 1.7945374E+002, 1.7146248E+002, 1.6548955E+002, 1.6283743E+002, 1.6131195E+002
 1.9012765E+000, 1.0165435E+003, 1.0095635E+003, 1.0260397E+003, 1.0545592E+003, 1.0533027E+003, 1.0234989E+003, 9.7763429E+002, 9.2588340E+002, 8.7253779E+002, 8.1952249E+002, 7.7046191E+002, 7.2605053E+002, 6.8384854E+002, 6.4311047E+002, 6.0118800E+002, 5.5597807E+002, 5.0737903E+002, 4.6769982E+002, 4.4038322E+002, 4.1663607E+002, 3.9343359E+002, 3.6955144E+002, 3.4698837E+002, 3.2678749E+002, 3.0778849E+002, 2.8785832E+002, 2.6931608E+002, 2.5601958E+002, 2.4415059E+002, 2.3077954E+002, 2.1877663E+002, 2.0822964E+002, 1.9893711E+002, 1.9055137E+002, 1.8370095E+002, 1.7861225E+002, 1.7536243E+002, 1.7303056E+002, 1.7031852E+002, 1.6701521E+002
 2.0013644E+000, 1.0271380E+003, 1.0265292E+003, 1.0476464E+003, 1.0762271E+003, 1.0732579E+003, 1.0418356E+003, 9.9196859E+002, 9.3669834E+002, 8.8350641E+002, 8.3522044E+002, 7.8932478E+002, 7.4642064E+002, 7.0785389E+002, 6.6938972E+002, 6.2885136E+002, 5.9037235E+002, 5.5523456E+002, 5.2040308E+002, 4.8147921E+002, 4.4442793E+002, 4.0650603E+002, 3.7044197E+002, 3.4134627E+002, 3.2324566E+002, 3.1052328E+002, 2.9763931E+002, 2.8584140E+002, 2.7389875E+002, 2.6106760E+002, 2.4952251E+002, 2.3830168E+002, 2.2688275E+002, 2.1604151E+002, 2.0781242E+002, 2.0074416E+002, 1.9336658E+002, 1.8749529E+002, 1.8251667E+002, 1.7638090E+002, 1.7059323E+002
 2.1036400E+000, 1.0283674E+003, 1.0295500E+003, 1.0570236E+003, 1.0843136E+003, 1.0754400E+003, 1.0456233E+003, 9.9878993E+002, 9.4407787E+002, 8.8810356E+002, 8.3360020E+002, 7.8350597E+002, 7.3889324E+002, 6.9743419E+002, 6.5973787E+002, 6.2776447E+002, 5.9700853E+002, 5.6636969E+002, 5.3830652E+002, 5.0884224E+002, 4.7600031E+002, 4.4606484E+002, 4.2313566E+002, 4.0020109E+002, 3.7338338E+002, 3.4600721E+002, 3.2058421E+002, 2.9545947E+002, 2.7088370E+002, 2.5047620E+002, 2.3467630E+002, 2.2763576E+002, 2.2547982E+002, 2.2148532E+002, 2.1415385E+002, 2.0584056E+002, 1.9918226E+002, 1.9166534E+002, 1.8298316E+002, 1.7616943E+002, 1.6962857E+002
 2.2059157E+000, 1.0263670E+003, 1.0266447E+003, 1.0549229E+003, 1.0758346E+003, 1.0644959E+003, 1.0321950E+003, 9.8643550E+002, 9.3684237E+002, 8.8568838E+002, 8.3418956E+002, 7.8582028E+002, 7.3989745E+002, 6.9831375E+002, 6.6137259E+002, 6.2341259E+002, 5.8761305E+002, 5.5436612E+002, 5.2556198E+002, 4.9699029E+002, 4.6875189E+002, 4.3938372E+002, 4.0748437E+002, 3.8408110E+002, 3.6249234E+002, 3.4145473E+002, 3.2214906E+002, 3.0554685E+002, 2.9343675E+002, 2.8513769E+002, 2.7516767E+002, 2.5934345E+002, 2.4079651E+002, 2.2562481E+002, 2.1286335E+002, 2.0189304E+002, 1.9157126E+002, 1.8289487E+002, 1.7659928E+002, 1.7221308E+002, 1.7092751E+002
 2.3021751E+000, 1.0247054E+003, 1.0238279E+003, 1.0517789E+003, 1.0700427E+003, 1.0583044E+003, 1.0204507E+003, 9.7252409E+002, 9.2334727E+002, 8.7728782E+002, 8.3257585E+002, 7.8543411E+002, 7.4259243E+002, 7.0206565E+002, 6.6125898E+002, 6.2459990E+002, 5.9160043E+002, 5.5963055E+002, 5.3231786E+002, 5.0062122E+002, 4.6837014E+002, 4.3870998E+002, 4.1361509E+002, 3.8543351E+002, 3.6097193E+002, 3.3965033E+002, 3.2213906E+002, 3.0670981E+002, 2.9190250E+002, 2.7669510E+002, 2.6079448E+002, 2.4454876E+002, 2.3018577E+002, 2.1760567E+002, 2.1069059E+002, 2.0853769E+002, 2.0449548E+002, 1.9771499E+002, 1.9198456E+002, 1.8592555E+002, 1.7819427E+002
 2.4016583E+000, 1.0230072E+003, 1.0203928E+003, 1.0458824E+003, 1.0684649E+003, 1.0598877E+003, 1.0217830E+003, 9.6592253E+002, 9.0964778E+002, 8.5657211E+002, 8.1027901E+002, 7.7174421E+002, 7.3223474E+002, 6.9492836E+002, 6.6131848E+002, 6.2730972E+002, 5.9473044E+002, 5.6164807E+002, 5.2979306E+002, 5.0192340E+002, 4.7521290E+002, 4.4593248E+002, 4.1140091E+002, 3.7801738E+002, 3.4685826E+002, 3.2800110E+002, 3.1741112E+002, 3.0645757E+002, 2.9146620E+002, 2.7304367E+002, 2.5595747E+002, 2.4078498E+002, 2.2706384E+002, 2.1775243E+002, 2.0834968E+002, 1.9412478E+002, 1.8206671E+002, 1.7614570E+002, 1.6919297E+002, 1.6027991E+002, 1.5293264E+002
 2.5014002E+000, 1.0231885E+003, 1.0192109E+003, 1.0419827E+003, 1.0650725E+003, 1.0562208E+003, 1.0253831E+003, 9.7889786E+002, 9.1923618E+002, 8.5810324E+002, 8.0233400E+002, 7.5382395E+002, 7.1309832E+002, 6.7628350E+002, 6.4148679E+002, 6.1009635E+002, 5.8196894E+002, 5.5372606E+002, 5.2868429E+002, 5.0283664E+002, 4.7620090E+002, 4.4842407E+002, 4.2344372E+002, 3.9832831E+002, 3.7352244E+002, 3.4223944E+002, 3.0492936E+002, 2.7199759E+002, 2.5250302E+002, 2.4452254E+002, 2.4331547E+002, 2.4085113E+002, 2.3627100E+002, 2.2576488E+002, 2.1467409E+002, 2.0535419E+002, 1.9685651E+002, 1.8651435E+002, 1.7933661E+002, 1.7318020E+002, 1.6727119E+002
 2.6011422E+000, 1.0251303E+003, 1.0162129E+003, 1.0408143E+003, 1.0656411E+003, 1.0570513E+003, 1.0207612E+003, 9.7176984E+002, 9.2266530E+002, 8.7109478E+002, 8.1612975E+002, 7.6085095E+002, 7.1008748E+002, 6.6873270E+002, 6.3603337E+002, 6.0338815E+002, 5.7105835E+002, 5.4073338E+002, 5.1448083E+002, 4.8657820E+002, 4.5917717E+002, 4.3666318E+002, 4.1360604E+002, 3.9207770E+002, 3.7371950E+002, 3.5407735E+002, 3.3476989E+002, 3.1673322E+002, 2.9317407E+002, 2.6393377E+002, 2.3430216E+002, 2.0598136E+002, 1.8404060E+002, 1.7394454E+002, 1.7675786E+002, 1.8274184E+002, 1.8851523E+002, 1.9010200E+002, 1.8796104E+002, 1.8381209E+002, 1.7896802E+002
 2.7008842E+000, 1.0284574E+003, 1.0169584E+003, 1.0383993E+003, 1.0687978E+003, 1.0638546E+003, 1.0268166E+003, 9.7424829E+002, 9.1577250E+002, 8.6278666E+002, 8.1379476E+002, 7.6239524E+002, 7.1295700E+002, 6.6560259E+002, 6.2089770E+002, 5.8322762E+002, 5.5388439E+002, 5.2692331E+002, 5.0215157E+002, 4.7957105E+002, 4.5724966E+002, 4.3150995E+002, 4.0716655E+002, 3.8385595E+002, 3.6094878E+002, 3.4011981E+002, 3.2608826E+002, 3.1038458E+002, 2.9286291E+002, 2.7463005E+002, 2.5574154E+002, 2.3911883E+002, 2.2850947E+002, 2.1290197E+002, 1.8742772E+002, 1.5985191E+002, 1.3540085E+002, 1.2405316E+002, 1.2315101E+002, 1.3041351E+002, 1.4014868E+002
 2.8006261E+000, 1.0271795E+003, 1.0145962E+003, 1.0376710E+003, 1.0708350E+003, 1.0715349E+003, 1.0404345E+003, 9.8888483E+002, 9.3139786E+002, 8.7060056E+002, 8.1567529E+002, 7.6832646E+002, 7.2447787E+002, 6.7943221E+002, 6.3667590E+002, 5.9395456E+002, 5.5124803E+002, 5.1061364E+002, 4.7446769E+002, 4.4243299E+002, 4.2082737E+002, 4.0645165E+002, 3.9183928E+002, 3.7466194E+002, 3.5753860E+002, 3.4214020E+002, 3.2254110E+002, 3.0487545E+002, 2.9031142E+002, 2.7660091E+002, 2.6457049E+002, 2.5523748E+002, 2.4284739E+002, 2.2753126E+002, 2.1392721E+002, 2.0230840E+002, 1.9363020E+002, 1.8208225E+002, 1.6137625E+002, 1.3387794E+002, 1.0989195E+002
 2.9007044E+000, 1.0259340E+003, 1.0119121E+003, 1.0346219E+003, 1.0682867E+003, 1.0761190E+003, 1.0486386E+003, 9.9655859E+002, 9.3979729E+002, 8.8321584E+002, 8.2888920E+002, 7.7675618E+002, 7.2664933E+002, 6.8055352E+002, 6.4199372E+002, 6.0693593E+002, 5.7267664E+002, 5.3610285E+002, 5.0508845E+002, 4.7758811E+002, 4.4424950E+002, 4.0645407E+002, 3.7329781E+002, 3.5035113E+002, 3.3230229E+002, 3.1475460E+002, 3.0297385E+002, 2.8913628E+002, 2.7374951E+002, 2.6118756E+002, 2.5159070E+002, 2.3968203E+002, 2.2899564E+002, 2.1944680E+002, 2.1195004E+002, 2.0594059E+002, 2.0074310E+002, 1.9632527E+002, 1.9171436E+002, 1.8595584E+002, 1.7584745E+002
 3.0046064E+000, 1.0298770E+003, 1.0196287E+003, 1.0311420E+003, 1.0660264E+003, 1.0780433E+003, 1.0645536E+003, 1.0268818E+003, 9.6977416E+002, 9.0554493E+002, 8.4314769E+002, 7.8623398E+002, 7.3653176E+002, 6.8935275E+002, 6.4167533E+002, 5.9938003E+002, 5.6708765E+002, 5.3454278E+002, 5.0141324E+002, 4.6693108E+002, 4.3546026E+002, 4.0752407E+002, 3.8375005E+002, 3.5972542E+002, 3.3919467E+002, 3.2046992E+002, 2.9963047E+002, 2.7913940E+002, 2.6442110E+002, 2.5450272E+002, 2.4513329E+002, 2.3540515E+002, 2.2254126E+002, 2.1008109E+002, 2.0185458E+002, 1.9623081E+002, 1.9040601E+002, 1.8478109E+002, 1.7969603E+002, 1.7521831E+002, 1.7149752E+002
 3.1003820E+000, 1.0387349E+003, 1.0352648E+003, 1.0462114E+003, 1.0701600E+003, 1.0688945E+003, 1.0336849E+003, 9.8776645E+002, 9.4674260E+002, 9.0250412E+002, 8.5264114E+002, 8.0114112E+002, 7.5212541E+002, 7.0814593E+002, 6.6465313E+002, 6.1835818E+002, 5.7168770E+002, 5.2772949E+002, 4.9761733E+002, 4.7129464E+002, 4.4727415E+002, 4.2416219E+002, 3.9626328E+002, 3.6074907E+002, 3.2534149E+002, 2.9513469E+002, 2.7703085E+002, 2.7181144E+002, 2.6378945E+002, 2.4947793E+002, 2.3359559E+002, 2.1769540E+002, 2.0788223E+002, 1.9905518E+002, 1.9009036E+002, 1.8422918E+002, 1.7697885E+002, 1.6781019E+002, 1.6358553E+002, 1.6097078E+002, 1.6000546E+002
 3.2025426E+000, 1.0456978E+003, 1.0465659E+003, 1.0681194E+003, 1.0924997E+003, 1.1070500E+003, 1.0881778E+003, 1.0373759E+003, 9.6943196E+002, 9.0085484E+002, 8.3861580E+002, 7.7994524E+002, 7.2771841E+002, 6.8240482E+002, 6.4537460E+002, 6.1184120E+002, 5.7756551E+002, 5.4191969E+002, 5.0801526E+002, 4.7608920E+002, 4.4453650E+002, 4.1392037E+002, 3.9216378E+002, 3.7160961E+002, 3.4989118E+002, 3.3217542E+002, 3.0903776E+002, 2.7676711E+002, 2.5241338E+002, 2.3264185E+002, 2.1978729E+002, 2.1263438E+002, 2.0236548E+002, 1.9400720E+002, 1.8627554E+002, 1.7463825E+002, 1.6423344E+002, 1.5562924E+002, 1.4858714E+002, 1.4479649E+002, 1.4041691E+002
 3.3047032E+000, 1.0467689E+003, 1.0485143E+003, 1.0724863E+003, 1.1052907E+003, 1.1080233E+003, 1.0805096E+003, 1.0339114E+003, 9.8181895E+002, 9.2851440E+002, 8.7625759E+002, 8.2942230E+002, 7.7800057E+002, 7.1282906E+002, 6.4813711E+002, 5.9286905E+002, 5.4931403E+002, 5.1795083E+002, 4.8533322E+002, 4.5279222E+002, 4.2829148E+002, 4.0521942E+002, 3.7614079E+002, 3.5441224E+002, 3.3855726E+002, 3.2045862E+002, 3.0075312E+002, 2.8038252E+002, 2.6032538E+002, 2.4427926E+002, 2.3252728E+002, 2.2147592E+002, 2.0986465E+002, 1.9772445E+002, 1.8789244E+002, 1.8167098E+002, 1.7442832E+002, 1.6597915E+002, 1.5876944E+002, 1.5062374E+002, 1.4546715E+002
 3.4016279E+000, 1.0366680E+003, 1.0358135E+003, 1.0554022E+003, 1.0867705E+003, 1.0859062E+003, 1.0535953E+003, 1.0025906E+003, 9.4365291E+002, 8.9161504E+002, 8.4676191E+002, 7.9410252E+002, 7.4349184E+002, 6.9955852E+002, 6.5477614E+002, 6.1342311E+002, 5.7119069E+002, 5.2672537E+002, 4.9548379E+002, 4.6576059E+002, 4.2693520E+002, 3.8462700E+002, 3.5131266E+002, 3.2544644E+002, 3.0838901E+002, 2.9503510E+002, 2.8444703E+002, 2.7222252E+002, 2.5840832E+002, 2.4695189E+002, 2.3087359E+002, 2.1295159E+002, 1.9798974E+002, 1.8715481E+002, 1.8166858E+002, 1.7525971E+002, 1.7108800E+002, 1.6847756E+002, 1.6553695E+002, 1.6148315E+002, 1.5780541E+002
 3.5012168E+000, 1.0351204E+003, 1.0342355E+003, 1.0546869E+003, 1.0802833E+003, 1.0863511E+003, 1.0588226E+003, 1.0053398E+003, 9.4009517E+002, 8.6767288E+002, 8.0010900E+002, 7.5268623E+002, 7.1389941E+002, 6.8083816E+002, 6.4643176E+002, 6.0456446E+002, 5.5604446E+002, 5.0969078E+002, 4.7241579E+002, 4.4005864E+002, 4.1489666E+002, 3.9294587E+002, 3.6230440E+002, 3.3094256E+002, 3.0410240E+002, 2.8094948E+002, 2.6244538E+002, 2.4717262E+002, 2.3126548E+002, 2.1551337E+002, 2.0224778E+002, 1.8949663E+002, 1.8320733E+002, 1.7712204E+002, 1.6738757E+002, 1.5687245E+002, 1.4698614E+002, 1.3877940E+002, 1.3627585E+002, 1.3743315E+002, 1.3872304E+002
 3.6024294E+000, 1.0376754E+003, 1.0351644E+003, 1.0587916E+003, 1.0885228E+003, 1.0968028E+003, 1.0749707E+003, 1.0247595E+003, 9.7154532E+002, 9.1224654E+002, 8.4392452E+002, 7.7583655E+002, 7.1580633E+002, 6.5863685E+002, 6.0103424E+002, 5.5728052E+002, 5.2943643E+002, 5.0426595E+002, 4.7337119E+002, 4.4140686E+002, 4.1143898E+002, 3.8480456E+002, 3.6413166E+002, 3.3713827E+002, 3.1002608E+002, 2.8631516E+002, 2.6322649E+002, 2.4395439E+002, 2.3185374E+002, 2.1866407E+002, 2.0380351E+002, 1.8968168E+002, 1.7466713E+002, 1.5873041E+002, 1.4680603E+002, 1.3847142E+002, 1.3570173E+002, 1.3420046E+002, 1.2435278E+002, 1.1160737E+002, 1.0452826E+002
 3.7036421E+000, 1.0326529E+003, 1.0326014E+003, 1.0585234E+003, 1.0890766E+003, 1.0860683E+003, 1.0606149E+003, 1.0139468E+003, 9.5437872E+002, 9.0016161E+002, 8.4565785E+002, 7.8586028E+002, 7.3386417E+002, 6.8582417E+002, 6.3888277E+002, 5.8434756E+002, 5.3508846E+002, 4.9317170E+002, 4.5643337E+002, 4.2452455E+002, 3.9951094E+002, 3.7684528E+002, 3.5406577E+002, 3.3146207E+002, 3.0916880E+002, 2.8997032E+002, 2.7115385E+002, 2.5881740E+002, 2.4538209E+002, 2.3368100E+002, 2.2224806E+002, 2.0782558E+002, 1.9326806E+002, 1.8091036E+002, 1.6856424E+002, 1.5612493E+002, 1.4104093E+002, 1.2792540E+002, 1.1802981E+002, 1.1108984E+002, 1.0762504E+002
 3.8048547E+000, 1.0187278E+003, 1.0133969E+003, 1.0347679E+003, 1.0670192E+003, 1.0617820E+003, 1.0311520E+003, 9.8654731E+002, 9.2714394E+002, 8.5869465E+002, 7.9421074E+002, 7.2754137E+002, 6.7493726E+002, 6.4058131E+002, 6.0810170E+002, 5.7621563E+002, 5.4092753E+002, 4.9805095E+002, 4.5780034E+002, 4.2305274E+002, 3.8944794E+002, 3.5578891E+002, 3.3197441E+002, 3.1627560E+002, 3.0240868E+002, 2.8428135E+002, 2.6945553E+002, 2.4697861E+002, 2.1869055E+002, 1.9242917E+002, 1.7862798E+002, 1.7628274E+002, 1.7881516E+002, 1.7927307E+002, 1.7616310E+002, 1.6751926E+002, 1.5783675E+002, 1.4843363E+002, 1.3989073E+002, 1.3072319E+002, 1.1873469E+002
 3.9039229E+000, 1.0138087E+003, 1.0129221E+003, 1.0243243E+003, 1.0353739E+003, 1.0049628E+003, 9.5622434E+002, 9.2386619E+002, 8.8707406E+002, 8.3315929E+002, 7.7951410E+002, 7.3014565E+002, 6.6602462E+002, 5.8935733E+002, 5.2204735E+002, 4.7024292E+002, 4.3800058E+002, 4.2653329E+002, 4.1567485E+002, 4.0372903E+002, 3.9150801E+002, 3.7596874E+002, 3.5107853E+002, 3.2371269E+002, 2.9841631E+002, 2.7271146E+002, 2.5223186E+002, 2.4462162E+002, 2.3719521E+002, 2.2132704E+002, 1.9533107E+002, 1.7009885E+002, 1.4679139E+002, 1.2970826E+002, 1.2672631E+002, 1.3485725E+002, 1.4327811E+002, 1.4734172E+002, 1.4472924E+002, 1.3994782E+002, 1.3180365E+002
 4.0002397E+000, 1.0171541E+003, 1.0134344E+003, 1.0307381E+003, 1.0546441E+003, 1.0689037E+003, 1.0270407E+003, 9.4410173E+002, 8.6752019E+002, 8.0097293E+002, 7.2951744E+002, 6.6859002E+002, 6.1536858E+002, 5.6781384E+002, 5.3326700E+002, 5.0410843E+002, 4.6068209E+002, 4.0084227E+002, 3.4927956E+002, 3.1314817E+002, 2.9532633E+002, 2.8893487E+002, 2.8292715E+002, 2.8003679E+002, 2.7695248E+002, 2.7324720E+002, 2.6225147E+002, 2.4451053E+002, 2.3229433E+002, 2.2216962E+002, 2.1007644E+002, 1.9482929E+002, 1.8377076E+002, 1.7052081E+002, 1.5072959E+002, 1.3376251E+002, 1.2131817E+002, 1.1493454E+002, 1.1676173E+002, 1.2133321E+002, 1.2364658E+002
 4.1029776E+000, 1.0235226E+003, 1.0284557E+003, 1.0428938E+003, 1.0646596E+003, 1.0670911E+003, 1.0440432E+003, 1.0041942E+003, 9.3492747E+002, 8.5781736E+002, 7.9645367E+002, 7.3278336E+002, 6.5666574E+002, 5.8011333E+002, 5.1832408E+002, 4.6967695E+002, 4.2551051E+002, 3.9341058E+002, 3.7210733E+002, 3.4672133E+002, 3.1553865E+002, 2.7984488E+002, 2.5225248E+002, 2.3860131E+002, 2.3055399E+002, 2.2374940E+002, 2.1905734E+002, 2.1494621E+002, 2.0980093E+002, 2.0436552E+002, 2.0101677E+002, 1.9390719E+002, 1.8106833E+002, 1.7103274E+002, 1.6122511E+002, 1.4897242E+002, 1.4241738E+002, 1.3817881E+002, 1.3041781E+002, 1.2176615E+002, 1.1740472E+002
 4.2057155E+000, 1.0085188E+003, 1.0094752E+003, 1.0398649E+003, 1.0723432E+003, 1.0640634E+003, 1.0238613E+003, 9.6529119E+002, 9.0597217E+002, 8.3857393E+002, 7.6820274E+002, 6.8602944E+002, 6.1049111E+002, 5.6345201E+002, 5.2362645E+002, 4.7956509E+002, 4.4654711E+002, 4.1026695E+002, 3.6170848E+002, 3.1562644E+002, 2.8957844E+002, 2.8089982E+002, 2.6734854E+002, 2.4096067E+002, 2.1596420E+002, 1.9965887E+002, 1.9151454E+002, 1.9003309E+002, 1.8776753E+002, 1.8439415E+002, 1.8122215E+002, 1.7697399E+002, 1.7075813E+002, 1.6351223E+002, 1.5848059E+002, 1.5215629E+002, 1.3869699E+002, 1.2587285E+002, 1.1900880E+002, 1.1897591E+002, 1.2114198E+002
 4.3020322E+000, 9.9063805E+002, 9.8127309E+002, 1.0091491E+003, 1.0266479E+003, 1.0082459E+003, 9.6910634E+002, 9.1697921E+002, 8.5602213E+002, 8.0358357E+002, 7.4203629E+002, 6.8806892E+002, 6.4263511E+002, 5.7842983E+002, 5.0625961E+002, 4.3943571E+002, 3.8239482E+002, 3.3860955E+002, 3.1820396E+002, 3.0950278E+002, 2.8282945E+002, 2.3942098E+002, 2.0470834E+002, 1.9552795E+002, 1.9765232E+002, 1.9969039E+002, 1.9339556E+002, 1.7903731E+002, 1.6477163E+002, 1.5133873E+002, 1.4407333E+002, 1.4032440E+002, 1.3720031E+002, 1.3804830E+002, 1.3918642E+002, 1.3982971E+002, 1.3702255E+002, 1.3348143E+002, 1.2940774E+002, 1.2012759E+002, 1.1234614E+002
 4.4047701E+000, 9.9404898E+002, 9.8735599E+002, 9.9739804E+002, 1.0299962E+003, 1.0293151E+003, 9.8541768E+002, 9.1077682E+002, 8.5009228E+002, 7.8976777E+002, 7.2363787E+002, 6.6140776E+002, 6.0789328E+002, 5.6815660E+002, 5.2958387E+002, 4.8400036E+002, 4.3191257E+002, 3.7450872E+002, 3.2370031E+002, 2.7917807E+002, 2.4795218E+002, 2.2882646E+002, 2.1430111E+002, 1.9539983E+002, 1.7307298E+002, 1.5212862E+002, 1.3852827E+002, 1.3780671E+002, 1.4501726E+002, 1.5030969E+002, 1.4727075E+002, 1.4249279E+002, 1.3361230E+002, 1.2187362E+002, 1.1205178E+002, 1.0670593E+002, 1.0987607E+002, 1.1471957E+002, 1.1783049E+002, 1.1684144E+002, 1.1419233E+002
 4.5010869E+000, 1.0107919E+003, 1.0103909E+003, 1.0270403E+003, 1.0456632E+003, 1.0315391E+003, 9.8935654E+002, 9.2971595E+002, 8.5008798E+002, 7.7625255E+002, 7.0845901E+002, 6.6259882E+002, 6.0882168E+002, 5.4961148E+002, 5.0321983E+002, 4.6888783E+002, 4.4624463E+002, 4.2366419E+002, 3.8569519E+002, 3.3586741E+002, 2.8044407E+002, 2.4298679E+002, 2.1644070E+002, 1.9126557E+002, 1.7312199E+002, 1.6486928E+002, 1.6217929E+002, 1.5626961E+002, 1.4595883E+002, 1.3503899E+002, 1.2059587E+002, 1.0793583E+002, 1.0673360E+002, 1.0962446E+002, 1.1251553E+002, 1.0656836E+002, 9.6855513E+001, 9.1996485E+001, 9.5675624E+001, 1.0349938E+002, 1.0807752E+002
 4.6038247E+000, 1.0027680E+003, 9.8385823E+002, 1.0131801E+003, 1.0389145E+003, 1.0333323E+003, 1.0021722E+003, 9.3978896E+002, 8.6421554E+002, 8.0733363E+002, 7.5945018E+002, 6.8851088E+002, 6.1665071E+002, 5.5410749E+002, 5.0683862E+002, 4.7167948E+002, 4.3581446E+002, 4.0678280E+002, 3.8746307E+002, 3.6934545E+002, 3.4969552E+002, 3.1478486E+002, 2.6850939E+002, 2.2506232E+002, 1.9645267E+002, 1.7750626E+002, 1.5684763E+002, 1.3872176E+002, 1.3086676E+002, 1.2846207E+002, 1.3095417E+002, 1.3425335E+002, 1.3122709E+002, 1.2154683E+002, 1.1070717E+002, 1.0366335E+002, 9.7597797E+001, 9.0049781E+001, 8.1532315E+001, 7.8031688E+001, 8.1929553E+001
 4.7001415E+000, 9.8298614E+002, 9.8432201E+002, 9.7559826E+002, 9.4105968E+002, 8.9839898E+002, 8.3673869E+002, 7.9856144E+002, 7.7727137E+002, 7.3294342E+002, 6.7672115E+002, 6.2138039E+002, 5.8174854E+002, 5.4941725E+002, 5.2220829E+002, 4.9186925E+002, 4.6217747E+002, 4.2668954E+002, 3.8664423E+002, 3.5326973E+002, 3.2681983E+002, 3.1382824E+002, 3.0131290E+002, 2.8722855E+002, 2.6126766E+002, 2.2812823E+002, 1.9948608E+002, 1.6970254E+002, 1.4072429E+002, 1.1617297E+002, 1.0633158E+002, 1.0631287E+002, 1.0666850E+002, 1.0676964E+002, 1.0987900E+002, 1.1431750E+002, 1.1707451E+002, 1.1650905E+002, 1.0847209E+002, 1.0071457E+002, 8.8754978E+001
 4.8028794E+000, 9.9241430E+002, 1.0020293E+003, 1.0143527E+003, 1.0185613E+003, 9.8208553E+002, 9.2178673E+002, 8.3991055E+002, 7.3974951E+002, 6.6201703E+002, 6.0613073E+002, 5.5324346E+002, 4.9873907E+002, 4.5142327E+002, 4.1735577E+002, 3.9300050E+002, 3.7876035E+002, 3.6738338E+002, 3.5254073E+002, 3.3771574E+002, 3.2400018E+002, 3.0415853E+002, 2.8390665E+002, 2.6458762E+002, 2.4692198E+002, 2.3074877E+002, 2.2014099E+002, 2.1111513E+002, 2.0077810E+002, 1.8870325E+002, 1.6321399E+002, 1.3253474E+002, 1.0789115E+002, 9.3672818E+001, 9.1500791E+001, 9.3085368E+001, 9.4373277E+001, 9.7851074E+001, 1.0243231E+002, 1.0331171E+002, 1.0199664E+002
 4.9002150E+000, 1.0101574E+003, 1.0056434E+003, 1.0360601E+003, 1.0666184E+003, 1.0574548E+003, 1.0149314E+003, 9.2550318E+002, 8.4988064E+002, 7.9266438E+002, 7.2445683E+002, 6.4139309E+002, 5.5172678E+002, 4.7572942E+002, 4.1448799E+002, 3.7162693E+002, 3.4619634E+002, 3.1906851E+002, 2.9638772E+002, 2.7794061E+002, 2.5421228E+002, 2.3460113E+002, 2.2357804E+002, 2.1738495E+002, 2.1573366E+002, 2.1618747E+002, 2.1051677E+002, 1.9392513E+002, 1.7820275E+002, 1.6510818E+002, 1.6192579E+002, 1.6364670E+002, 1.6475395E+002, 1.6089646E+002, 1.4532763E+002, 1.2621812E+002, 1.0932599E+002, 9.5127644E+001, 8.7297822E+001, 8.7648552E+001, 9.5687625E+001
 5.0024908E+000, 1.0144182E+003, 1.0026936E+003, 1.0285127E+003, 1.0452192E+003, 1.0241973E+003, 9.8472330E+002, 9.3736513E+002, 8.7218493E+002, 7.8756695E+002, 7.1454601E+002, 6.5655929E+002, 6.0642677E+002, 5.5362598E+002, 4.9444928E+002, 4.3419209E+002, 3.6551201E+002, 3.0899917E+002, 2.7702937E+002, 2.6857830E+002, 2.6837533E+002, 2.6339755E+002, 2.4710125E+002, 2.2669014E+002, 2.0044604E+002, 1.7528518E+002, 1.6085995E+002, 1.5370470E+002, 1.5159300E+002, 1.4571190E+002, 1.3166649E+002, 1.1797784E+002, 1.1345457E+002, 1.1666956E+002, 1.2399613E+002, 1.3103772E+002, 1.3485374E+002, 1.3504908E+002, 1.3310117E+002, 1.2620532E+002, 1.1504634E+002
 5.1048816E+000, 9.9487621E+002, 9.7748802E+002, 9.9926311E+002, 1.0141211E+003, 1.0071609E+003, 9.7165378E+002, 9.0929687E+002, 8.4090120E+002, 7.6968962E+002, 7.0895809E+002, 6.6124657E+002, 6.1383861E+002, 5.5903345E+002, 4.9348340E+002, 4.3074664E+002, 3.8647577E+002, 3.5710329E+002, 3.3319676E+002, 2.9527221E+002, 2.5938305E+002, 2.3516273E+002, 2.2039180E+002, 2.1430595E+002, 2.1608349E+002, 2.1169943E+002, 1.9687505E+002, 1.8201498E+002, 1.6961800E+002, 1.5889035E+002, 1.5034517E+002, 1.4041307E+002, 1.2383241E+002, 9.9477602E+001, 7.9381683E+001, 7.4193349E+001, 8.2593010E+001, 9.5175722E+001, 1.0480577E+002, 1.1108402E+002, 1.1242812E+002
 5.2022160E+000, 9.7905262E+002, 9.7628226E+002, 9.9155762E+002, 9.9284442E+002, 9.5630748E+002, 9.0083084E+002, 8.5063016E+002, 8.0988358E+002, 7.6623740E+002, 7.0555758E+002, 6.2870756E+002, 5.6541706E+002, 5.1762136E+002, 4.8618613E+002, 4.6697536E+002, 4.3684261E+002, 3.9581424E+002, 3.4528356E+002, 3.0250834E+002, 2.7635747E+002, 2.6242503E+002, 2.5309946E+002, 2.4352859E+002, 2.2845321E+002, 2.1492427E+002, 2.0498129E+002, 1.9648004E+002, 1.8500993E+002, 1.7345553E+002, 1.6671858E+002, 1.5964472E+002, 1.5251967E+002, 1.4947540E+002, 1.4428147E+002, 1.2753161E+002, 1.0398790E+002, 8.3723276E+001, 6.8455309E+001, 7.1258053E+001, 8.1802962E+001
 5.3065028E+000, 9.7443897E+002, 9.7214928E+002, 9.9153618E+002, 1.0168508E+003, 9.8725666E+002, 9.1433497E+002, 8.2893965E+002, 7.5988612E+002, 7.1812576E+002, 6.8438500E+002, 6.4771753E+002, 6.0163856E+002, 5.4720406E+002, 4.9634736E+002, 4.4933800E+002, 4.1058784E+002, 3.8462576E+002, 3.7088753E+002, 3.5698392E+002, 3.3856252E+002, 3.1533864E+002, 2.8823857E+002, 2.5983183E+002, 2.3683398E+002, 2.2251696E+002, 2.1059944E+002, 2.0177935E+002, 2.0021857E+002, 1.9774939E+002, 1.9138482E+002, 1.8407907E+002, 1.7425851E+002, 1.6113681E+002, 1.5056030E+002, 1.4095543E+002, 1.3338380E+002, 1.2796657E+002, 1.2309409E+002, 1.1124912E+002, 9.6726445E+001
 5.4038373E+000, 9.9200573E+002, 9.8237255E+002, 9.9153233E+002, 1.0195611E+003, 1.0184903E+003, 9.8043041E+002, 9.3350740E+002, 8.7037987E+002, 7.8187329E+002, 6.9418618E+002, 6.2266507E+002, 5.6654741E+002, 5.2978946E+002, 5.0309712E+002, 4.7337232E+002, 4.4447294E+002, 4.1219836E+002, 3.7177702E+002, 3.3234311E+002, 3.0106427E+002, 2.8368551E+002, 2.7717633E+002, 2.7037756E+002, 2.5975840E+002, 2.4919397E+002, 2.4204697E+002, 2.3337109E+002, 2.1853620E+002, 2.0140646E+002, 1.8620800E+002, 1.7681247E+002, 1.7333870E+002, 1.7138911E+002, 1.6619445E+002, 1.6022359E+002, 1.5153637E+002, 1.4193166E+002, 1.3079000E+002, 1.2329105E+002, 1.1938725E+002
 5.5011717E+000, 1.0136183E+003, 1.0070515E+003, 1.0221998E+003, 1.0446303E+003, 1.0372164E+003, 9.7756447E+002, 8.6167876E+002, 7.7229933E+002, 7.2741730E+002, 6.9885984E+002, 6.6770699E+002, 6.2905066E+002, 5.7812630E+002, 5.2541526E+002, 4.7845292E+002, 4.4057883E+002, 4.1515254E+002, 3.9166444E+002, 3.7211637E+002, 3.5242436E+002, 3.2566737E+002, 2.8821923E+002, 2.5624022E+002, 2.3263925E+002, 2.1897959E+002, 2.1201803E+002, 2.0630645E+002, 2.0127257E+002, 1.9725014E+002, 1.9571876E+002, 1.9314431E+002, 1.8716023E+002, 1.7924453E+002, 1.7202247E+002, 1.6607216E+002, 1.5899669E+002, 1.4797452E+002, 1.2824671E+002, 1.0727461E+002, 1.0079805E+002
 5.6061179E+000, 1.0339260E+003, 1.0255069E+003, 1.0456142E+003, 1.0551909E+003, 1.0269190E+003, 9.8018672E+002, 9.3531031E+002, 8.8067435E+002, 8.0616336E+002, 7.3244021E+002, 6.6080815E+002, 5.9805568E+002, 5.4648295E+002, 5.1152374E+002, 4.8858181E+002, 4.6090041E+002, 4.2785530E+002, 3.9666942E+002, 3.6740710E+002, 3.4253740E+002, 3.2385867E+002, 3.0715095E+002, 2.8893016E+002, 2.6856927E+002, 2.4012952E+002, 2.1479924E+002, 1.9804295E+002, 1.8652198E+002, 1.7845528E+002, 1.7222962E+002, 1.6894395E+002, 1.6622187E+002, 1.6414873E+002, 1.6283946E+002, 1.6305383E+002, 1.6291175E+002, 1.6214968E+002, 1.5735948E+002, 1.3906392E+002, 1.0803936E+002
 5.7029212E+000, 1.0314715E+003, 1.0199621E+003, 1.0467214E+003, 1.0706644E+003, 1.0543631E+003, 9.9499348E+002, 9.0300023E+002, 8.1857447E+002, 7.4970201E+002, 6.9800743E+002, 6.7104923E+002, 6.4928421E+002, 6.1910535E+002, 5.7593790E+002, 5.2969459E+002, 4.8745030E+002, 4.5043707E+002, 4.1616744E+002, 3.8761131E+002, 3.6134569E+002, 3.3363864E+002, 3.1099785E+002, 2.9245849E+002, 2.6966301E+002, 2.4965087E+002, 2.3475885E+002, 2.1754115E+002, 2.0095226E+002, 1.8608280E+002, 1.6937591E+002, 1.5173163E+002, 1.3948458E+002, 1.3379803E+002, 1.3285984E+002, 1.3425664E+002, 1.3500637E+002, 1.3617336E+002, 1.3777192E+002, 1.3804974E+002, 1.3716849E+002
 5.8048320E+000, 1.0154595E+003, 9.9912292E+002, 1.0211136E+003, 1.0364836E+003, 1.0280442E+003, 9.9843289E+002, 9.4832234E+002, 8.7546102E+002, 7.7859540E+002, 6.7531471E+002, 5.7806387E+002, 4.9609297E+002, 4.5061420E+002, 4.4294850E+002, 4.3961175E+002, 4.3758996E+002, 4.3418025E+002, 4.2519441E+002, 4.0443925E+002, 3.7666643E+002, 3.4819495E+002, 3.2002776E+002, 2.9875042E+002, 2.8158239E+002, 2.6415246E+002, 2.4489117E+002, 2.2945919E+002, 2.1838829E+002, 2.0458286E+002, 1.9165703E+002, 1.8015859E+002, 1.6714389E+002, 1.5263942E+002, 1.3017657E+002, 1.1117561E+002, 9.9115877E+001, 9.0557971E+001, 9.0278289E+001, 9.5443091E+001, 1.0218136E+002
 5.9067072E+000, 9.9862603E+002, 9.9217813E+002, 1.0144805E+003, 1.0074373E+003, 9.6671314E+002, 9.1011284E+002, 8.5616517E+002, 8.0087877E+002, 7.5118375E+002, 6.9462835E+002, 6.0958596E+002, 5.3628069E+002, 4.8954880E+002, 4.3029413E+002, 3.7543810E+002, 3.3655996E+002, 3.0988659E+002, 2.9675662E+002, 2.9734535E+002, 2.9651711E+002, 2.8896278E+002, 2.7364694E+002, 2.4732559E+002, 2.1736973E+002, 1.9615343E+002, 1.9010853E+002, 1.8920260E+002, 1.8567889E+002, 1.8313810E+002, 1.8138068E+002, 1.8035298E+002, 1.7977730E+002, 1.7775047E+002, 1.7473875E+002, 1.6682159E+002, 1.5216331E+002, 1.3345594E+002, 1.0905752E+002, 8.5884671E+001, 7.0038357E+001
 6.0041530E+000, 1.0235219E+003, 1.0139421E+003, 1.0183362E+003, 1.0354303E+003, 1.0354242E+003, 9.9654925E+002, 9.2079926E+002, 8.3854915E+002, 7.4511123E+002, 6.4411676E+002, 5.7439783E+002, 5.1902965E+002, 4.5347878E+002, 3.9554669E+002, 3.6102310E+002, 3.5308662E+002, 3.5338341E+002, 3.4663645E+002, 3.2477029E+002, 3.0048940E+002, 2.8052075E+002, 2.6251927E+002, 2.4173846E+002, 2.1730698E+002, 1.8454897E+002, 1.5015210E+002, 1.2033047E+002, 1.0752996E+002, 1.0869583E+002, 1.1553283E+002, 1.1999292E+002, 1.2085956E+002, 1.2186094E+002, 1.2546165E+002, 1.3288243E+002, 1.4153130E+002, 1.4884874E+002, 1.5382892E+002, 1.5329939E+002, 1.4147425E+002
 6.1015988E+000, 1.0346617E+003, 1.0347859E+003, 1.0575906E+003, 1.0808195E+003, 1.0779331E+003, 1.0498640E+003, 1.0037291E+003, 9.4090640E+002, 8.6758705E+002, 7.8789920E+002, 6.9856916E+002, 6.0493897E+002, 5.2808744E+002, 4.7095155E+002, 4.1227946E+002, 3.6148452E+002, 3.2078226E+002, 2.9111428E+002, 2.7305239E+002, 2.6363333E+002, 2.5868152E+002, 2.5379617E+002, 2.4866350E+002, 2.4379622E+002, 2.3928221E+002, 2.2453322E+002, 1.9884074E+002, 1.6392996E+002, 1.2370210E+002, 9.3306061E+001, 8.3784488E+001, 8.6638670E+001, 9.1362685E+001, 9.6216386E+001, 9.8982763E+001, 9.9862894E+001, 1.0230411E+002, 1.0718342E+002, 1.1369069E+002, 1.2142629E+002
 6.2039108E+000, 1.0313856E+003, 1.0382908E+003, 1.0640507E+003, 1.0712917E+003, 1.0446359E+003, 9.9380684E+002, 9.2213981E+002, 8.4174565E+002, 7.7657236E+002, 7.1969393E+002, 6.6613600E+002, 6.2742032E+002, 5.7558831E+002, 5.2926454E+002, 5.0107244E+002, 4.6263187E+002, 4.2512444E+002, 3.8493233E+002, 3.4372461E+002, 3.0882533E+002, 2.7707217E+002, 2.5101833E+002, 2.3371936E+002, 2.1839428E+002, 2.0493760E+002, 1.9538804E+002, 1.8820010E+002, 1.8512444E+002, 1.8510463E+002, 1.7944556E+002, 1.5888032E+002, 1.3252292E+002, 1.0896108E+002, 8.9471990E+001, 7.8719058E+001, 8.0906840E+001, 8.6621883E+001, 9.0815351E+001, 9.2003375E+001, 9.2871619E+001
 6.3041334E+000, 1.0151599E+003, 9.9800246E+002, 1.0294593E+003, 1.0415496E+003, 1.0142381E+003, 9.4900106E+002, 8.8645727E+002, 8.2318368E+002, 7.4870668E+002, 6.8710203E+002, 6.3580839E+002, 5.7851255E+002, 5.2549722E+002, 4.7821357E+002, 4.3969996E+002, 4.0896829E+002, 3.8324090E+002, 3.6117236E+002, 3.4232349E+002, 3.2643124E+002, 3.0717846E+002, 2.8127052E+002, 2.5155646E+002, 2.2652690E+002, 2.1028026E+002, 1.9733631E+002, 1.8706985E+002, 1.7743667E+002, 1.6879470E+002, 1.6311530E+002, 1.6102272E+002, 1.6021436E+002, 1.5908831E+002, 1.5567303E+002, 1.4557123E+002, 1.2590528E+002, 1.0617552E+002, 9.1424755E+001, 8.2418362E+001, 8.0773664E+001
 6.4043560E+000, 1.0112875E+003, 9.9507029E+002, 9.9928976E+002, 1.0055815E+003, 9.8886412E+002, 9.4327382E+002, 8.5504787E+002, 7.6239986E+002, 6.8455261E+002, 6.1844025E+002, 5.6289296E+002, 5.1531560E+002, 4.7791041E+002, 4.4923247E+002, 4.2372600E+002, 4.0360016E+002, 3.7990949E+002, 3.5309075E+002, 3.2562563E+002, 2.9628831E+002, 2.7025995E+002, 2.5358858E+002, 2.4232531E+002, 2.2990062E+002, 2.1006467E+002, 1.8804777E+002, 1.7030187E+002, 1.5733405E+002, 1.5037154E+002, 1.4214668E+002, 1.3515626E+002, 1.2856814E+002, 1.2583233E+002, 1.2509151E+002, 1.2648882E+002, 1.2991154E+002, 1.3340098E+002, 1.3473709E+002, 1.3264265E+002, 1.2485278E+002
 6.5045786E+000, 1.0130629E+003, 1.0089942E+003, 1.0291635E+003, 1.0467399E+003, 1.0306915E+003, 9.9399759E+002, 9.5478644E+002, 8.9282665E+002, 8.0387476E+002, 7.0651936E+002, 6.1411742E+002, 5.3708006E+002, 4.8575458E+002, 4.5385453E+002, 4.1953001E+002, 3.8077475E+002, 3.4584939E+002, 3.1819817E+002, 2.9111556E+002, 2.6684126E+002, 2.5063875E+002, 2.3272824E+002, 2.1404438E+002, 2.0051950E+002, 1.9502003E+002, 1.9393705E+002, 1.9331441E+002, 1.8582874E+002, 1.6977838E+002, 1.5427141E+002, 1.4129042E+002, 1.3148628E+002, 1.2232622E+002, 1.1385272E+002, 1.0615625E+002, 9.9830897E+001, 9.5632034E+001, 9.5544058E+001, 9.8797837E+001, 1.0478264E+002
 6.6048011E+000, 1.0136059E+003, 1.0033399E+003, 1.0233161E+003, 1.0441138E+003, 1.0259976E+003, 9.6986341E+002, 8.9479680E+002, 8.2748962E+002, 7.7996965E+002, 7.1403620E+002, 6.2261428E+002, 5.5134216E+002, 4.9333689E+002, 4.4229095E+002, 4.0370616E+002, 3.7480646E+002, 3.4464010E+002, 3.1906129E+002, 3.0975337E+002, 2.9798651E+002, 2.7456415E+002, 2.4950824E+002, 2.2957637E+002, 2.0850094E+002, 1.8435371E+002, 1.5825234E+002, 1.3718126E+002, 1.2556370E+002, 1.2828472E+002, 1.4020339E+002, 1.4871266E+002, 1.4846555E+002, 1.4231986E+002, 1.3475238E+002, 1.2673252E+002, 1.1928923E+002, 1.1155226E+002, 1.0224931E+002, 9.3613706E+001, 8.7152469E+001
 6.7050237E+000, 1.0369831E+003, 1.0235507E+003, 1.0297224E+003, 1.0460161E+003, 1.0235271E+003, 9.7620292E+002, 9.1558691E+002, 8.4632831E+002, 7.7859054E+002, 7.1163639E+002, 6.4496760E+002, 5.6857787E+002, 4.7790092E+002, 4.1114647E+002, 3.6238373E+002, 3.2631296E+002, 3.0356985E+002, 2.8174737E+002, 2.5913314E+002, 2.4605112E+002, 2.3858900E+002, 2.3349809E+002, 2.2779846E+002, 2.2165343E+002, 2.1160543E+002, 1.9779570E+002, 1.8188767E+002, 1.5924364E+002, 1.3729650E+002, 1.2485903E+002, 1.2064368E+002, 1.2042857E+002, 1.1957782E+002, 1.1808855E+002, 1.1851947E+002, 1.2152265E+002, 1.2303939E+002, 1.2177086E+002, 1.1931524E+002, 1.1457559E+002
 6.8052463E+000, 1.0209514E+003, 1.0227253E+003, 1.0464103E+003, 1.0605293E+003, 1.0445860E+003, 9.9440512E+002, 9.3558878E+002, 8.5329506E+002, 7.6277710E+002, 6.8007077E+002, 6.1886900E+002, 5.8928777E+002, 5.5962283E+002, 5.0207897E+002, 4.2396637E+002, 3.4610324E+002, 2.9377719E+002, 2.7454245E+002, 2.5877613E+002, 2.4151866E+002, 2.3057164E+002, 2.2532457E+002, 2.2249872E+002, 2.1787679E+002, 2.1226514E+002, 1.9977645E+002, 1.8172075E+002, 1.6285092E+002, 1.4029396E+002, 1.1306632E+002, 9.0566493E+001, 8.4258213E+001, 9.1364225E+001, 1.0185924E+002, 1.0967783E+002, 1.0866642E+002, 1.0524750E+002, 1.0423169E+002, 1.0575461E+002, 1.0820562E+002
 6.9054688E+000, 1.0227444E+003, 9.9644389E+002, 1.0096153E+003, 9.8175582E+002, 8.9261891E+002, 7.9780518E+002, 7.6962897E+002, 7.5345275E+002, 7.2266518E+002, 6.8742443E+002, 6.2179257E+002, 5.1845903E+002, 4.4250546E+002, 4.1391118E+002, 4.0664229E+002, 3.9254048E+002, 3.5316464E+002, 3.0087153E+002, 2.4495498E+002, 2.0363525E+002, 1.9492261E+002, 1.9216939E+002, 1.9070816E+002, 1.8581715E+002, 1.8222280E+002, 1.8049904E+002, 1.7840233E+002, 1.7136532E+002, 1.5526669E+002, 1.3375006E+002, 1.1034407E+002, 8.3531421E+001, 6.9440456E+001, 6.3650196E+001, 6.4205413E+001, 7.4423090E+001, 8.6706952E+001, 9.3352848E+001, 9.1952832E+001, 8.8849135E+001
 7.0056914E+000, 9.9460190E+002, 9.8369361E+002, 9.5292751E+002, 8.8745663E+002, 8.1261389E+002, 7.4506244E+002, 6.2696659E+002, 5.1541932E+002, 4.5168073E+002, 4.4335814E+002, 4.4204785E+002, 4.2539962E+002, 3.6533368E+002, 2.9914127E+002, 2.5449614E+002, 2.4021419E+002, 2.3910407E+002, 2.3845841E+002, 2.4087254E+002, 2.3597579E+002, 2.1768653E+002, 1.9322175E+002, 1.6593534E+002, 1.4958865E+002, 1.4719636E+002, 1.4404326E+002, 1.3870556E+002, 1.3469080E+002, 1.3586647E+002, 1.3814513E+002, 1.3931254E+002, 1.3543002E+002, 1.1882829E+002, 1.0174193E+002, 8.6594423E+001, 7.5018817E+001, 6.9893392E+001, 6.7539822E+001, 7.0256986E+001, 7.7132030E+001
 7.1059140E+000, 9.9982787E+002, 1.0045635E+003, 1.0156067E+003, 9.8271017E+002, 9.2643513E+002, 8.2666473E+002, 7.2956733E+002, 6.1912037E+002, 5.5698868E+002, 4.6340265E+002, 3.6977822E+002, 3.1806159E+002, 3.0158185E+002, 2.6319659E+002, 2.0885220E+002, 1.5575524E+002, 1.2408442E+002, 1.1265348E+002, 1.1471034E+002, 1.2508186E+002, 1.3878567E+002, 1.5310704E+002, 1.6470747E+002, 1.7494166E+002, 1.7482447E+002, 1.6689891E+002, 1.5648876E+002, 1.4431908E+002, 1.3206879E+002, 1.2371392E+002, 1.2135540E+002, 1.2226841E+002, 1.2430598E+002, 1.2570680E+002, 1.2467526E+002, 1.1817300E+002, 1.0374369E+002, 9.0731751E+001, 8.1516479E+001, 7.6745832E+001
 7.2042574E+000, 1.0189479E+003, 1.0199168E+003, 1.0437335E+003, 9.5663092E+002, 8.1868817E+002, 7.4785174E+002, 7.4166065E+002, 7.0343837E+002, 6.2760470E+002, 5.9187484E+002, 5.4011206E+002, 4.6458308E+002, 4.0650000E+002, 3.5704094E+002, 2.9701683E+002, 2.4007933E+002, 1.6731097E+002, 1.1029404E+002, 8.7291659E+001, 7.6039857E+001, 7.0589744E+001, 7.8324407E+001, 1.0069040E+002, 1.2265023E+002, 1.3253565E+002, 1.3424118E+002, 1.3872013E+002, 1.4774356E+002, 1.5604245E+002, 1.5846622E+002, 1.5404958E+002, 1.4560310E+002, 1.3609015E+002, 1.2721394E+002, 1.2089718E+002, 1.1892131E+002, 1.1832562E+002, 1.1612764E+002, 1.0624476E+002, 9.2778111E+001
 7.3023073E+000, 1.0000406E+003, 9.9477158E+002, 9.9869022E+002, 1.0074067E+003, 9.6175760E+002, 8.2307873E+002, 6.5855815E+002, 5.2883643E+002, 4.6970335E+002, 4.6893796E+002, 4.7083757E+002, 4.6399469E+002, 4.5406132E+002, 4.3882814E+002, 4.2269527E+002, 3.9562007E+002, 3.5843591E+002, 3.0578192E+002, 2.4246263E+002, 1.7620867E+002, 1.1718422E+002, 7.5215397E+001, 6.7251172E+001, 7.3220407E+001, 8.6323051E+001, 9.8280431E+001, 1.0301524E+002, 1.0767199E+002, 1.1375657E+002, 1.1950174E+002, 1.2405147E+002, 1.3110726E+002, 1.3797941E+002, 1.4243590E+002, 1.4403868E+002, 1.4171351E+002, 1.3632315E+002, 1.3124047E+002, 1.2473945E+002, 1.1765485E+002
 7.4023034E+000, 1.0097445E+003, 1.0119895E+003, 1.0063036E+003, 9.4194367E+002, 9.0130978E+002, 8.2488745E+002, 7.4941437E+002, 6.9319079E+002, 6.1972614E+002, 5.3516491E+002, 4.7582549E+002, 4.2481749E+002, 3.7757902E+002, 3.5044990E+002, 3.3900607E+002, 3.3219334E+002, 3.3018431E+002, 3.3252944E+002, 3.2975674E+002, 3.2086232E+002, 3.0219179E+002, 2.6417616E+002, 2.0917698E+002, 1.5976022E+002, 1.2225217E+002, 1.0142993E+002, 1.0007883E+002, 9.8342242E+001, 8.7752908E+001, 7.9699791E+001, 8.4120309E+001, 8.7481592E+001, 8.5924949E+001, 8.6987088E+001, 9.3374062E+001, 1.0313269E+002, 1.1300533E+002, 1.1814432E+002, 1.2074408E+002, 1.2123237E+002
 7.5005369E+000, 1.0003968E+003, 1.0069565E+003, 1.0305644E+003, 9.8069202E+002, 8.6281106E+002, 7.7671613E+002, 7.1244361E+002, 6.6596587E+002, 6.1237908E+002, 5.5514877E+002, 4.9195016E+002, 4.5556409E+002, 4.4211305E+002, 4.2338500E+002, 3.9621950E+002, 3.6680199E+002, 3.3570311E+002, 3.0689723E+002, 2.8415538E+002, 2.6368657E+002, 2.5399113E+002, 2.5266966E+002, 2.4584847E+002, 2.2999031E+002, 2.1094309E+002, 1.8854296E+002, 1.6119866E+002, 1.4215782E+002, 1.2733026E+002, 1.1099444E+002, 8.6376748E+001, 6.9308419E+001, 6.4331093E+001, 6.2889137E+001, 5.8954632E+001, 5.9849265E+001, 6.4512761E+001, 7.4560259E+001, 8.4389358E+001, 9.1811335E+001
 7.6057045E+000, 1.0185764E+003, 1.0041472E+003, 1.0151907E+003, 1.0181060E+003, 9.7519412E+002, 8.9009134E+002, 7.9199313E+002, 6.8008807E+002, 5.8673290E+002, 5.2489621E+002, 4.8700379E+002, 4.5422642E+002, 4.1697007E+002, 3.8375205E+002, 3.6108114E+002, 3.4774650E+002, 3.4093317E+002, 3.3557071E+002, 3.2581495E+002, 3.1062205E+002, 2.8513391E+002, 2.6098889E+002, 2.4036018E+002, 2.2055635E+002, 2.0355591E+002, 1.9318488E+002, 1.8336752E+002, 1.6946420E+002, 1.6161432E+002, 1.4943589E+002, 1.3800218E+002, 1.2549542E+002, 1.0445150E+002, 8.0235158E+001, 6.2026880E+001, 5.3433887E+001, 5.1468699E+001, 5.1897232E+001, 5.5889808E+001, 6.3421225E+001
 7.7010488E+000, 1.0457283E+003, 1.0265769E+003, 1.0376708E+003, 1.0534564E+003, 1.0539900E+003, 1.0161386E+003, 9.3996689E+002, 8.4499664E+002, 7.6173008E+002, 6.9441560E+002, 6.1690713E+002, 5.3657442E+002, 4.5649017E+002, 3.8984565E+002, 3.4947109E+002, 3.2675060E+002, 3.1234366E+002, 2.9767354E+002, 2.8207118E+002, 2.6941681E+002, 2.5505352E+002, 2.3402400E+002, 2.1742974E+002, 2.0530343E+002, 1.9991459E+002, 1.9631389E+002, 1.8944168E+002, 1.8275602E+002, 1.7639437E+002, 1.7032214E+002, 1.6441958E+002, 1.6019819E+002, 1.5481862E+002, 1.4509288E+002, 1.3352051E+002, 1.1777492E+002, 9.7750185E+001, 7.7727720E+001, 6.1840382E+001, 5.3440467E+001
 7.8027494E+000, 1.0158693E+003, 9.9964752E+002, 1.0258513E+003, 1.0432629E+003, 1.0347776E+003, 1.0057262E+003, 9.6584380E+002, 9.2140303E+002, 8.5823533E+002, 7.7445367E+002, 6.9281401E+002, 6.2223868E+002, 5.6146997E+002, 5.1441280E+002, 4.6462532E+002, 4.0401067E+002, 3.4309911E+002, 2.9666066E+002, 2.7359992E+002, 2.5949623E+002, 2.4954462E+002, 2.4255112E+002, 2.3277901E+002, 2.2299279E+002, 2.0794021E+002, 1.8854192E+002, 1.7560738E+002, 1.6592842E+002, 1.5393759E+002, 1.4365497E+002, 1.4036272E+002, 1.3969435E+002, 1.4054396E+002, 1.4356223E+002, 1.4418841E+002, 1.3737186E+002, 1.2627564E+002, 1.1679544E+002, 1.1033219E+002, 1.0424566E+002
 7.9044500E+000, 1.0011732E+003, 9.9839966E+002, 1.0119478E+003, 9.8798737E+002, 9.2098385E+002, 8.5609507E+002, 8.1578681E+002, 7.9145669E+002, 7.6032273E+002, 7.2463359E+002, 6.9279832E+002, 6.5649008E+002, 6.1153850E+002, 5.6090958E+002, 5.0364393E+002, 4.5319578E+002, 4.2421120E+002, 4.0095519E+002, 3.6169826E+002, 3.2388746E+002, 2.9260249E+002, 2.6661303E+002, 2.4376553E+002, 2.2179829E+002, 2.0474443E+002, 1.9440546E+002, 1.8782664E+002, 1.8308643E+002, 1.7861834E+002, 1.7363085E+002, 1.6657963E+002, 1.5927119E+002, 1.5139035E+002, 1.4166684E+002, 1.3148939E+002, 1.2388603E+002, 1.1913241E+002, 1.1450941E+002, 1.0988286E+002, 1.0313632E+002
 8.0023368E+000, 1.0129055E+003, 1.0008159E+003, 1.0190047E+003, 1.0435351E+003, 1.0480980E+003, 9.9860548E+002, 9.0031701E+002, 7.8922423E+002, 7.0379924E+002, 6.3247852E+002, 5.8161588E+002, 5.4160426E+002, 5.0471381E+002, 4.7155488E+002, 4.5075972E+002, 4.3391489E+002, 4.0198701E+002, 3.6250641E+002, 3.3085073E+002, 3.0668262E+002, 2.8998938E+002, 2.8094641E+002, 2.7781636E+002, 2.7344581E+002, 2.6139413E+002, 2.4256082E+002, 2.1585008E+002, 1.8397989E+002, 1.6157018E+002, 1.5609881E+002, 1.5243781E+002, 1.4557461E+002, 1.3987139E+002, 1.3882566E+002, 1.4102370E+002, 1.4357569E+002, 1.4458242E+002, 1.4210246E+002, 1.3416984E+002, 1.2535350E+002
 8.1036072E+000, 1.0174417E+003, 1.0094802E+003, 1.0237611E+003, 1.0417762E+003, 1.0363952E+003, 1.0082864E+003, 9.6026968E+002, 9.0646884E+002, 8.5062777E+002, 7.8984847E+002, 6.9929569E+002, 5.9413498E+002, 4.9581263E+002, 4.2616640E+002, 3.8976634E+002, 3.6551115E+002, 3.4542083E+002, 3.2978222E+002, 3.1874504E+002, 3.1031260E+002, 2.9980385E+002, 2.8541454E+002, 2.6758763E+002, 2.5142919E+002, 2.3749645E+002, 2.2608823E+002, 2.1644267E+002, 2.0980473E+002, 1.9374251E+002, 1.6310339E+002, 1.3585592E+002, 1.1765880E+002, 1.1394071E+002, 1.1994278E+002, 1.2522439E+002, 1.2462136E+002, 1.2138387E+002, 1.1935032E+002, 1.1855003E+002, 1.1939278E+002
 8.2050380E+000, 1.0517204E+003, 1.0299590E+003, 1.0430806E+003, 1.0569808E+003, 1.0136986E+003, 9.3535547E+002, 8.5982465E+002, 7.9866265E+002, 7.4934619E+002, 6.9509138E+002, 6.4997091E+002, 6.1722594E+002, 5.8321728E+002, 5.2368483E+002, 4.3167866E+002, 3.4706433E+002, 2.9292313E+002, 2.7468329E+002, 2.7047026E+002, 2.6885800E+002, 2.6710132E+002, 2.6055914E+002, 2.5159992E+002, 2.4378521E+002, 2.3643115E+002, 2.3007711E+002, 2.2447634E+002, 2.0920615E+002, 1.8697754E+002, 1.6600087E+002, 1.4873505E+002, 1.4071844E+002, 1.2455015E+002, 9.9187884E+001, 8.0507846E+001, 7.8831693E+001, 8.9575479E+001, 1.0118946E+002, 1.0943903E+002, 1.1487824E+002
 8.3025558E+000, 1.0652809E+003, 1.0288793E+003, 1.0433905E+003, 1.0523330E+003, 1.0271680E+003, 9.7344940E+002, 9.0613028E+002, 8.1536171E+002, 7.1247799E+002, 6.3043662E+002, 5.5874279E+002, 5.1844697E+002, 4.8060045E+002, 4.3463739E+002, 4.0149992E+002, 3.8467943E+002, 3.6166515E+002, 3.1132579E+002, 2.5607780E+002, 2.1811023E+002, 1.9766468E+002, 1.8601916E+002, 1.8407808E+002, 1.9397287E+002, 2.0554433E+002, 2.1154456E+002, 2.0738061E+002, 1.9765659E+002, 1.8847338E+002, 1.8210708E+002, 1.7305643E+002, 1.5157080E+002, 1.2843794E+002, 1.1192343E+002, 1.0309230E+002, 9.9077033E+001, 9.3626896E+001, 8.9453397E+001, 8.3701277E+001, 7.8715970E+001
 8.4040119E+000, 1.0354860E+003, 1.0202151E+003, 1.0369794E+003, 1.0225349E+003, 9.8789184E+002, 9.3818840E+002, 8.6892536E+002, 7.9863451E+002, 7.3399430E+002, 6.7349948E+002, 6.1083317E+002, 5.3855378E+002, 4.7119424E+002, 4.1115365E+002, 3.4748799E+002, 2.8916689E+002, 2.6072289E+002, 2.5075610E+002, 2.3981163E+002, 2.2171072E+002, 2.0469847E+002, 2.0001232E+002, 1.9727742E+002, 1.8829312E+002, 1.7428478E+002, 1.6258039E+002, 1.6008338E+002, 1.6464592E+002, 1.6889607E+002, 1.6995542E+002, 1.6717378E+002, 1.6361166E+002, 1.5582483E+002, 1.4511441E+002, 1.2895443E+002, 1.1411670E+002, 1.0400630E+002, 9.8281798E+001, 9.7034188E+001, 9.8079133E+001
 8.5047041E+000, 9.7355632E+002, 9.8339174E+002, 1.0034302E+003, 1.0231097E+003, 9.9279538E+002, 9.2592585E+002, 8.5267448E+002, 7.7442182E+002, 6.8475424E+002, 6.1029505E+002, 5.8021715E+002, 5.5105585E+002, 5.2059474E+002, 4.8708472E+002, 4.4550778E+002, 4.0258569E+002, 3.4650742E+002, 2.9158832E+002, 2.4426895E+002, 2.0973427E+002, 1.8555472E+002, 1.6435775E+002, 1.4517813E+002, 1.3622646E+002, 1.4601953E+002, 1.6087201E+002, 1.7050263E+002, 1.6855100E+002, 1.6259466E+002, 1.5673258E+002, 1.5595530E+002, 1.5626160E+002, 1.5452473E+002, 1.5066890E+002, 1.4565592E+002, 1.3613851E+002, 1.2279558E+002, 1.0898724E+002, 9.6128497E+001, 8.6684140E+001
 8.6053963E+000, 1.0058547E+003, 1.0007786E+003, 9.9254673E+002, 1.0003098E+003, 9.8884921E+002, 9.2091934E+002, 8.3155634E+002, 7.7540318E+002, 7.2457260E+002, 6.5383829E+002, 5.4544712E+002, 4.4441632E+002, 3.8303343E+002, 3.6358327E+002, 3.6865857E+002, 3.7077169E+002, 3.6333564E+002, 3.5368913E+002, 3.4191016E+002, 3.2116403E+002, 2.8823944E+002, 2.4400430E+002, 1.9998428E+002, 1.5673052E+002, 1.2149376E+002, 1.0122036E+002, 9.9508530E+001, 1.1266986E+002, 1.3003454E+002, 1.4166522E+002, 1.4129014E+002, 1.3720968E+002, 1.3518932E+002, 1.3684200E+002, 1.3819458E+002, 1.3728801E+002, 1.3566458E+002, 1.3258431E+002, 1.2889282E+002, 1.2351298E+002
 8.7060885E+000, 1.0477477E+003, 1.0445912E+003, 1.0612627E+003, 1.0726147E+003, 1.0721330E+003, 1.0657469E+003, 1.0100625E+003, 8.8478835E+002, 7.4453415E+002, 6.4560239E+002, 5.8034373E+002, 5.1467125E+002, 4.4562398E+002, 3.7751441E+002, 3.0178659E+002, 2.4891260E+002, 2.2872270E+002, 2.3417644E+002, 2.4421667E+002, 2.5028794E+002, 2.4808021E+002, 2.4120774E+002, 2.3430194E+002, 2.2430442E+002, 2.0582806E+002, 1.7759678E+002, 1.4317514E+002, 1.1276457E+002, 9.1606930E+001, 8.4096984E+001, 9.0203372E+001, 1.0132641E+002, 1.0997229E+002, 1.1732910E+002, 1.2219724E+002, 1.2446181E+002, 1.2278569E+002, 1.1846392E+002, 1.1450154E+002, 1.1139406E+002
 8.8025749E+000, 1.0299244E+003, 1.0114709E+003, 1.0323626E+003, 1.0365446E+003, 1.0313487E+003, 1.0230552E+003, 1.0004011E+003, 9.7009982E+002, 9.2492488E+002, 8.3543094E+002, 7.2913124E+002, 6.4132811E+002, 5.6396591E+002, 4.9217475E+002, 4.4303983E+002, 3.9291241E+002, 3.3721254E+002, 2.7725854E+002, 2.2556369E+002, 1.9223744E+002, 1.7896989E+002, 1.8015411E+002, 1.8296646E+002, 1.8282240E+002, 1.7968471E+002, 1.7757126E+002, 1.7453880E+002, 1.6578687E+002, 1.4910118E+002, 1.2579607E+002, 1.0453444E+002, 9.0570160E+001, 8.2294914E+001, 8.1142522E+001, 8.3967854E+001, 8.9707776E+001, 9.6395060E+001, 1.0262563E+002, 1.0596172E+002, 1.0637549E+002
 8.9001376E+000, 1.0269561E+003, 1.0092820E+003, 1.0132006E+003, 9.7224280E+002, 8.7445594E+002, 7.7450417E+002, 7.3357380E+002, 7.2438232E+002, 7.1159501E+002, 6.9539144E+002, 6.7766790E+002, 6.4204363E+002, 5.9497982E+002, 5.5355478E+002, 5.1300600E+002, 4.7693845E+002, 4.4454844E+002, 4.1555557E+002, 3.8641322E+002, 3.5037495E+002, 3.0554325E+002, 2.5575154E+002, 2.1021679E+002, 1.7247203E+002, 1.5003981E+002, 1.4724175E+002, 1.5056140E+002, 1.5252660E+002, 1.5250259E+002, 1.4932210E+002, 1.3855767E+002, 1.2673440E+002, 1.1299525E+002, 9.8127294E+001, 8.8511089E+001, 8.1685499E+001, 7.8914202E+001, 7.8464380E+001, 8.0746008E+001, 8.4914002E+001
 9.0037980E+000, 1.0405636E+003, 1.0218433E+003, 1.0292467E+003, 1.0466420E+003, 1.0285942E+003, 9.4668292E+002, 7.9785864E+002, 6.4579154E+002, 5.4929577E+002, 5.0494651E+002, 4.8093498E+002, 4.6245280E+002, 4.4345235E+002, 4.1662750E+002, 3.9161731E+002, 3.7485979E+002, 3.5887117E+002, 3.4718904E+002, 3.4503502E+002, 3.4562852E+002, 3.4096202E+002, 3.3505629E+002, 3.2375979E+002, 3.0917148E+002, 2.8753709E+002, 2.5417658E+002, 2.1732154E+002, 1.8419301E+002, 1.5804015E+002, 1.4082667E+002, 1.3419748E+002, 1.3359551E+002, 1.3367012E+002, 1.3149923E+002, 1.2548227E+002, 1.1616935E+002, 1.0468770E+002, 9.4562879E+001, 8.6646823E+001, 8.0272717E+001
 9.1013607E+000, 1.0286828E+003, 1.0152379E+003, 1.0375696E+003, 1.0558173E+003, 1.0508729E+003, 1.0264995E+003, 9.8164311E+002, 9.2113382E+002, 8.2777773E+002, 7.1480793E+002, 6.1697680E+002, 5.4219857E+002, 4.7746595E+002, 4.2382552E+002, 3.7248356E+002, 3.3251398E+002, 3.1010752E+002, 2.9067258E+002, 2.6753971E+002, 2.4894168E+002, 2.3507581E+002, 2.2424239E+002, 2.2230457E+002, 2.2684451E+002, 2.3391156E+002, 2.3854125E+002, 2.4006783E+002, 2.3889469E+002, 2.3583966E+002, 2.2984608E+002, 2.1698967E+002, 2.0159346E+002, 1.8497501E+002, 1.6835284E+002, 1.5342181E+002, 1.3938333E+002, 1.2640906E+002, 1.1665673E+002, 1.1371028E+002, 1.1017600E+002
 9.2001429E+000, 1.0210757E+003, 1.0061741E+003, 1.0190369E+003, 1.0123256E+003, 9.4533255E+002, 8.6228591E+002, 7.9533614E+002, 7.3954575E+002, 7.1097887E+002, 6.9337981E+002, 6.6816228E+002, 6.3389231E+002, 5.9288167E+002, 5.4613984E+002, 5.0177215E+002, 4.5986828E+002, 4.1595901E+002, 3.7139284E+002, 3.2852681E+002, 2.8630885E+002, 2.4939091E+002, 2.2752855E+002, 2.1114040E+002, 1.9742658E+002, 1.8481092E+002, 1.7312445E+002, 1.6850625E+002, 1.7173872E+002, 1.7716405E+002, 1.8247534E+002, 1.8517582E+002, 1.8674599E+002, 1.8700557E+002, 1.8504659E+002, 1.8207077E+002, 1.7966266E+002, 1.7829972E+002, 1.7331906E+002, 1.6088789E+002, 1.4591437E+002
 9.3007544E+000, 1.0532201E+003, 1.0248968E+003, 1.0327216E+003, 1.0474764E+003, 1.0149579E+003, 9.2679970E+002, 7.9793383E+002, 6.9605013E+002, 6.1852797E+002, 5.5445426E+002, 5.0585110E+002, 4.6832644E+002, 4.4496338E+002, 4.2915421E+002, 4.1592309E+002, 4.0757717E+002, 3.9712477E+002, 3.8547741E+002, 3.6523509E+002, 3.4321779E+002, 3.2072530E+002, 2.9219467E+002, 2.6147398E+002, 2.3179217E+002, 2.0639170E+002, 1.8571453E+002, 1.6406491E+002, 1.5230857E+002, 1.4385946E+002, 1.3603078E+002, 1.3118861E+002, 1.3214467E+002, 1.3750539E+002, 1.4487126E+002, 1.5210048E+002, 1.5624823E+002, 1.5643535E+002, 1.5486490E+002, 1.5209348E+002, 1.4916946E+002
 9.4060115E+000, 1.0261157E+003, 1.0075623E+003, 1.0275138E+003, 9.9560498E+002, 9.2685755E+002, 8.7881305E+002, 8.6444485E+002, 8.1195052E+002, 7.2438265E+002, 6.4516361E+002, 5.7621369E+002, 5.1525366E+002, 4.6180434E+002, 4.1848861E+002, 3.8417289E+002, 3.5243454E+002, 3.2893429E+002, 3.1518009E+002, 3.0610389E+002, 2.9837328E+002, 2.9076717E+002, 2.8191384E+002, 2.6828511E+002, 2.5171412E+002, 2.3444639E+002, 2.2369853E+002, 2.1432534E+002, 1.9512901E+002, 1.7374829E+002, 1.5443454E+002, 1.4201541E+002, 1.3397052E+002, 1.2644272E+002, 1.1862716E+002, 1.1213163E+002, 1.0916089E+002, 1.1019393E+002, 1.1577512E+002, 1.2313976E+002, 1.2953661E+002
 9.5037441E+000, 9.7535675E+002, 9.7263570E+002, 9.9561304E+002, 1.0037423E+003, 9.6805362E+002, 8.5222008E+002, 6.7945497E+002, 5.4604847E+002, 5.0642237E+002, 5.2864320E+002, 5.5186279E+002, 5.5935312E+002, 5.4207116E+002, 5.0948153E+002, 4.7274540E+002, 4.3372930E+002, 3.9230926E+002, 3.5089737E+002, 3.1820549E+002, 2.9601356E+002, 2.7629533E+002, 2.6196273E+002, 2.5179994E+002, 2.4195858E+002, 2.3054870E+002, 2.1411721E+002, 1.9735016E+002, 1.8165861E+002, 1.6968574E+002, 1.6682502E+002, 1.6721327E+002, 1.5795511E+002, 1.4657811E+002, 1.3416425E+002, 1.2439294E+002, 1.2040939E+002, 1.1783898E+002, 1.1111373E+002, 1.0343562E+002, 9.9208405E+001
 9.6035736E+000, 9.8985276E+002, 9.8132973E+002, 9.8922092E+002, 1.0136796E+003, 1.0000828E+003, 9.5144583E+002, 8.9149829E+002, 8.0609523E+002, 6.4613783E+002, 4.6577077E+002, 3.4889190E+002, 2.8838532E+002, 2.8715995E+002, 3.1574326E+002, 3.4222969E+002, 3.6462705E+002, 3.7844763E+002, 3.8194052E+002, 3.6843132E+002, 3.4392602E+002, 3.1630245E+002, 2.8938677E+002, 2.6718558E+002, 2.5823015E+002, 2.5331026E+002, 2.4642943E+002, 2.3658714E+002, 2.2565858E+002, 2.1360812E+002, 1.9299293E+002, 1.6745484E+002, 1.4924356E+002, 1.3709819E+002, 1.3003183E+002, 1.2515782E+002, 1.1863430E+002, 1.1098517E+002, 1.0871758E+002, 1.1005558E+002, 1.1248435E+002
 9.7060862E+000, 1.0113352E+003, 9.9097639E+002, 1.0172467E+003, 1.0485560E+003, 1.0345596E+003, 9.8728655E+002, 9.1838092E+002, 8.3974275E+002, 7.5321997E+002, 6.6239440E+002, 5.6246689E+002, 4.6050736E+002, 3.6337872E+002, 2.8382125E+002, 2.3301500E+002, 2.0811644E+002, 2.1044490E+002, 2.2311713E+002, 2.3834672E+002, 2.5315938E+002, 2.6086749E+002, 2.6403209E+002, 2.6029217E+002, 2.4576714E+002, 2.2825366E+002, 2.1143243E+002, 1.9917640E+002, 1.9598774E+002, 1.9987800E+002, 2.0475136E+002, 2.0684705E+002, 2.0230452E+002, 1.9505195E+002, 1.8584413E+002, 1.7316834E+002, 1.5664461E+002, 1.3924025E+002, 1.2050557E+002, 9.9342928E+001, 8.2728933E+001
 9.8021918E+000, 9.8237450E+002, 9.7927062E+002, 9.9385040E+002, 9.8577094E+002, 9.2595501E+002, 8.5243146E+002, 7.8717804E+002, 7.3006202E+002, 6.9697752E+002, 6.7559434E+002, 6.3613332E+002, 5.9126483E+002, 5.2717114E+002, 4.4814626E+002, 3.6448976E+002, 3.0044198E+002, 2.4623194E+002, 1.9854413E+002, 1.6795083E+002, 1.6798732E+002, 1.7943613E+002, 1.8490834E+002, 1.8526283E+002, 1.8677830E+002, 1.9033887E+002, 1.9430178E+002, 1.9596180E+002, 1.8931294E+002, 1.7421988E+002, 1.6095279E+002, 1.5196319E+002, 1.4917047E+002, 1.5177509E+002, 1.5608605E+002, 1.5999936E+002, 1.6397824E+002, 1.6610539E+002, 1.6574918E+002, 1.6419947E+002, 1.5655415E+002
 9.9047045E+000, 1.0024032E+003, 9.8817492E+002, 9.9332332E+002, 1.0145844E+003, 1.0049624E+003, 9.2767661E+002, 8.0355664E+002, 6.8235509E+002, 5.8861094E+002, 5.0155029E+002, 4.4256421E+002, 4.0840931E+002, 3.8992131E+002, 3.8673189E+002, 3.8241768E+002, 3.6258475E+002, 3.2520168E+002, 2.8523191E+002, 2.4775400E+002, 2.1526288E+002, 1.8956074E+002, 1.7086854E+002, 1.5820567E+002, 1.5015450E+002, 1.4731442E+002, 1.4507116E+002, 1.4302181E+002, 1.4653054E+002, 1.5333353E+002, 1.6076102E+002, 1.6551550E+002, 1.6594390E+002, 1.5860970E+002, 1.4691508E+002, 1.3587623E+002, 1.2849872E+002, 1.2266390E+002, 1.2158450E+002, 1.2434297E+002, 1.2728749E+002
 1.0000810E+001, 1.0486115E+003, 1.0189090E+003, 1.0360261E+003, 1.0547149E+003, 1.0582237E+003, 1.0333583E+003, 9.8490600E+002, 9.0233966E+002, 7.8618482E+002, 6.7568482E+002, 5.8553772E+002, 5.2165693E+002, 4.5672200E+002, 3.9449630E+002, 3.4388334E+002, 3.0495439E+002, 2.8210727E+002, 2.7508856E+002, 2.6470470E+002, 2.3623623E+002, 2.0078274E+002, 1.6601973E+002, 1.4273927E+002, 1.4153703E+002, 1.4230667E+002, 1.4401776E+002, 1.4061756E+002, 1.3016594E+002, 1.2121953E+002, 1.1770858E+002, 1.2082510E+002, 1.2686923E+002, 1.3420845E+002, 1.4193013E+002, 1.4575290E+002, 1.4026354E+002, 1.2703413E+002, 1.1537640E+002, 1.0993785E+002, 1.0683936E+002
 1.0103323E+001, 1.0094572E+003, 9.9450066E+002, 1.0207381E+003, 1.0237749E+003, 9.8915725E+002, 9.4153906E+002, 8.9572656E+002, 8.5302504E+002, 8.1623753E+002, 7.7287945E+002, 7.1049072E+002, 6.4026108E+002, 5.8213924E+002, 5.3265989E+002, 4.8136031E+002, 4.2993308E+002, 3.7941550E+002, 3.3615053E+002, 3.0250169E+002, 2.6878577E+002, 2.4226559E+002, 2.2608625E+002, 2.0734531E+002, 1.7554426E+002, 1.4626019E+002, 1.2293528E+002, 1.0951850E+002, 1.0823668E+002, 1.1524038E+002, 1.1976447E+002, 1.1868909E+002, 1.1332155E+002, 1.0815287E+002, 1.0556054E+002, 1.0726428E+002, 1.1192847E+002, 1.1791574E+002, 1.1541350E+002, 1.0230808E+002, 8.9055115E+001
 1.0200710E+001, 9.6570540E+002, 9.7054070E+002, 9.8578784E+002, 9.8540805E+002, 9.3913982E+002, 8.8268280E+002, 8.2663189E+002, 7.7736214E+002, 7.2062297E+002, 6.7240323E+002, 6.3987998E+002, 6.0577842E+002, 5.6811265E+002, 5.2865917E+002, 4.9199579E+002, 4.6077993E+002, 4.3504347E+002, 4.0757130E+002, 3.7828981E+002, 3.5032164E+002, 3.2458894E+002, 2.9992054E+002, 2.7795396E+002, 2.5460006E+002, 2.3029160E+002, 2.1015723E+002, 1.9308248E+002, 1.7481515E+002, 1.5568428E+002, 1.3832076E+002, 1.2588284E+002, 1.1957593E+002, 1.1462224E+002, 1.0944228E+002, 1.0593768E+002, 1.0404622E+002, 1.0355565E+002, 1.0519614E+002, 1.0786017E+002, 1.0898265E+002
 1.0305447E+001, 1.0197758E+003, 9.9932166E+002, 1.0051662E+003, 1.0172908E+003, 1.0146861E+003, 9.4242446E+002, 8.3692761E+002, 7.3200150E+002, 6.5460502E+002, 6.0370616E+002, 5.5917580E+002, 5.2657790E+002, 4.9597269E+002, 4.5691723E+002, 4.1886436E+002, 3.9403808E+002, 3.8217716E+002, 3.7210372E+002, 3.6289258E+002, 3.5405742E+002, 3.4134773E+002, 3.2320849E+002, 3.0122791E+002, 2.8216163E+002, 2.6600898E+002, 2.4890421E+002, 2.3494186E+002, 2.2608808E+002, 2.1400589E+002, 2.0192016E+002, 1.8983389E+002, 1.7926654E+002, 1.6932365E+002, 1.5547949E+002, 1.3858745E+002, 1.2331424E+002, 1.0999408E+002, 1.0099331E+002, 1.0009758E+002, 1.0041983E+002
 1.0405368E+001, 1.0319617E+003, 1.0148708E+003, 1.0366390E+003, 1.0392369E+003, 1.0384222E+003, 1.0161380E+003, 9.6079857E+002, 8.9993658E+002, 8.1779697E+002, 7.0625298E+002, 6.1667828E+002, 5.5562064E+002, 4.8808353E+002, 4.2602750E+002, 3.8086367E+002, 3.4648920E+002, 2.9800673E+002, 2.5665522E+002, 2.3847643E+002, 2.3396516E+002, 2.3867066E+002, 2.4538482E+002, 2.5110172E+002, 2.5326255E+002, 2.5340297E+002, 2.5072527E+002, 2.4328258E+002, 2.3209805E+002, 2.2196698E+002, 2.1276632E+002, 2.0256628E+002, 1.9284061E+002, 1.8622604E+002, 1.8141432E+002, 1.7623081E+002, 1.7015987E+002, 1.6575959E+002, 1.5914751E+002, 1.4644166E+002, 1.3274893E+002
 1.0502166E+001, 9.9680526E+002, 9.8226886E+002, 1.0133656E+003, 9.9981442E+002, 9.3401664E+002, 8.6572268E+002, 8.1781117E+002, 7.9547692E+002, 7.7464725E+002, 7.3163168E+002, 6.3905457E+002, 5.4377683E+002, 4.8548842E+002, 4.4857008E+002, 4.1507703E+002, 3.6663797E+002, 3.3825172E+002, 3.1349366E+002, 2.7204113E+002, 2.3015528E+002, 1.9101932E+002, 1.6281781E+002, 1.5004433E+002, 1.5676863E+002, 1.6949593E+002, 1.8042679E+002, 1.8462342E+002, 1.8356322E+002, 1.7857878E+002, 1.7533953E+002, 1.7181704E+002, 1.6598225E+002, 1.5666902E+002, 1.4779911E+002, 1.4618642E+002, 1.4828488E+002, 1.4887498E+002, 1.4851660E+002, 1.4680414E+002, 1.4470941E+002
 1.0605209E+001, 9.6629753E+002, 9.6576129E+002, 9.7640791E+002, 9.3439182E+002, 8.8115335E+002, 8.4558121E+002, 7.9312432E+002, 7.1842732E+002, 6.4497646E+002, 5.8677652E+002, 5.4237976E+002, 5.1863174E+002, 5.0399028E+002, 4.7468304E+002, 4.3253848E+002, 3.9598095E+002, 3.4313631E+002, 2.9469514E+002, 2.5719450E+002, 2.3916732E+002, 2.3279564E+002, 2.2064972E+002, 2.0189186E+002, 1.8136445E+002, 1.6760670E+002, 1.5767588E+002, 1.5245371E+002, 1.5139257E+002, 1.5222077E+002, 1.5413959E+002, 1.5351314E+002, 1.4883771E+002, 1.4074509E+002, 1.3024361E+002, 1.1735467E+002, 1.0938192E+002, 1.0606258E+002, 1.0524907E+002, 1.0741125E+002, 1.1285734E+002
 1.0701383E+001, 9.9940099E+002, 9.9026646E+002, 1.0085331E+003, 1.0297126E+003, 1.0010083E+003, 8.9948935E+002, 7.9421971E+002, 7.2100684E+002, 6.6177914E+002, 6.0464801E+002, 5.6171848E+002, 5.0838075E+002, 4.5007778E+002, 4.0028528E+002, 3.6322490E+002, 3.4008612E+002, 3.2511570E+002, 3.1733107E+002, 3.1242289E+002, 2.9271842E+002, 2.5713272E+002, 2.2837273E+002, 2.0561314E+002, 1.8491816E+002, 1.6787291E+002, 1.5572990E+002, 1.4903537E+002, 1.5043422E+002, 1.5227120E+002, 1.5013866E+002, 1.4939622E+002, 1.4959049E+002, 1.4794102E+002, 1.4223593E+002, 1.3125385E+002, 1.1656699E+002, 1.0588268E+002, 1.0072719E+002, 9.5925342E+001, 9.1378528E+001
 1.0801110E+001, 1.0108803E+003, 9.9646534E+002, 1.0151527E+003, 1.0441394E+003, 1.0522019E+003, 1.0372537E+003, 9.9157242E+002, 9.0683045E+002, 8.1082219E+002, 7.1752411E+002, 6.2842642E+002, 5.5797209E+002, 4.9254490E+002, 4.4588401E+002, 4.0286730E+002, 3.5070923E+002, 3.0173942E+002, 2.6807220E+002, 2.5326210E+002, 2.4886909E+002, 2.4681221E+002, 2.4760830E+002, 2.4429636E+002, 2.2925188E+002, 2.0918063E+002, 1.9022964E+002, 1.7506218E+002, 1.5811479E+002, 1.3996079E+002, 1.2529664E+002, 1.1854314E+002, 1.1662778E+002, 1.1696002E+002, 1.2013660E+002, 1.2563662E+002, 1.3014999E+002, 1.2563231E+002, 1.1378118E+002, 1.0223613E+002, 9.1678532E+001
 1.0905481E+001, 1.0293198E+003, 1.0153450E+003, 1.0200302E+003, 1.0318527E+003, 1.0125257E+003, 9.5485259E+002, 8.9132108E+002, 8.3611888E+002, 7.8560441E+002, 7.4032163E+002, 6.7506088E+002, 6.0407009E+002, 5.4370323E+002, 4.8104529E+002, 4.2329512E+002, 3.7531469E+002, 3.4149864E+002, 3.0790310E+002, 2.6063359E+002, 2.1811165E+002, 1.8971939E+002, 1.7564750E+002, 1.7230116E+002, 1.8242436E+002, 1.9371775E+002, 2.0051228E+002, 1.9692055E+002, 1.8851867E+002, 1.8113269E+002, 1.7164732E+002, 1.5848621E+002, 1.4525291E+002, 1.3374911E+002, 1.1995104E+002, 1.0521608E+002, 9.6001045E+001, 9.2957644E+001, 9.6748305E+001, 1.0310651E+002, 1.0540921E+002
 1.1005823E+001, 1.0458866E+003, 1.0201190E+003, 1.0423843E+003, 1.0626766E+003, 1.0686443E+003, 1.0425020E+003, 9.7893626E+002, 8.9212700E+002, 7.9815805E+002, 7.0426808E+002, 6.2459586E+002, 5.6169534E+002, 5.1264401E+002, 4.8263291E+002, 4.4879389E+002, 4.0586183E+002, 3.4875468E+002, 2.9176451E+002, 2.5412309E+002, 2.3937575E+002, 2.1119763E+002, 1.6729167E+002, 1.3043969E+002, 1.1197664E+002, 1.0491370E+002, 1.1278288E+002, 1.2941563E+002, 1.4688417E+002, 1.5828939E+002, 1.6094557E+002, 1.6069702E+002, 1.5725842E+002, 1.5215182E+002, 1.4705197E+002, 1.3950160E+002, 1.2918617E+002, 1.1173809E+002, 9.5214711E+001, 8.6784767E+001, 8.3861474E+001
 1.1103039E+001, 1.0148672E+003, 1.0073326E+003, 1.0195571E+003, 1.0242022E+003, 9.9453171E+002, 9.4877878E+002, 9.0647983E+002, 8.6067657E+002, 8.1175114E+002, 7.6470446E+002, 7.2482093E+002, 6.7736339E+002, 6.1480063E+002, 5.3486646E+002, 4.5800276E+002, 4.0362475E+002, 3.6654442E+002, 3.3136800E+002, 2.8857325E+002, 2.3801898E+002, 2.0542921E+002, 1.9436688E+002, 1.6402053E+002, 1.2142395E+002, 8.3283894E+001, 6.6136885E+001, 6.6512596E+001, 7.2274057E+001, 8.6138397E+001, 1.0815266E+002, 1.2738138E+002, 1.3766074E+002, 1.3961859E+002, 1.3881902E+002, 1.3769263E+002, 1.3508103E+002, 1.3088584E+002, 1.2185311E+002, 1.0585712E+002, 8.3313936E+001
 1.1202131E+001, 9.8452062E+002, 9.9085085E+002, 1.0096831E+003, 1.0151414E+003, 9.7232923E+002, 9.1558153E+002, 8.5134191E+002, 7.8416383E+002, 7.1305949E+002, 6.5789540E+002, 6.1592965E+002, 5.8998131E+002, 5.6729790E+002, 5.4699835E+002, 5.2737234E+002, 4.9591287E+002, 4.5840352E+002, 4.1937277E+002, 3.7720791E+002, 3.2177038E+002, 2.6510266E+002, 2.0725938E+002, 1.7438553E+002, 1.6330517E+002, 1.5722255E+002, 1.3228150E+002, 9.4148191E+001, 6.2578765E+001, 4.9236568E+001, 5.2118740E+001, 6.2166677E+001, 7.6634892E+001, 9.0725653E+001, 1.0366019E+002, 1.1271585E+002, 1.1736478E+002, 1.1785399E+002, 1.1414031E+002, 1.1068132E+002, 1.0868015E+002
 1.1302839E+001, 1.0189936E+003, 1.0006698E+003, 1.0245255E+003, 1.0510560E+003, 1.0589877E+003, 1.0153280E+003, 9.3254246E+002, 8.4037728E+002, 7.6104927E+002, 6.6988608E+002, 5.8349453E+002, 5.0199314E+002, 4.4505280E+002, 4.1092833E+002, 3.9767027E+002, 3.9791118E+002, 3.9810532E+002, 3.9240585E+002, 3.8262889E+002, 3.7168007E+002, 3.5335645E+002, 3.2562493E+002, 2.8744315E+002, 2.4827957E+002, 2.0958634E+002, 1.7686152E+002, 1.5281454E+002, 1.3447880E+002, 1.2070161E+002, 1.0362842E+002, 8.5263555E+001, 7.2029489E+001, 6.5849513E+001, 6.4434643E+001, 6.7617063E+001, 7.4988779E+001, 8.4786095E+001, 9.3576556E+001, 9.8553286E+001, 9.8091053E+001
 1.1403546E+001, 1.0155676E+003, 1.0065417E+003, 1.0319021E+003, 1.0443347E+003, 1.0204072E+003, 9.8578459E+002, 9.6097972E+002, 9.1166723E+002, 8.3097088E+002, 7.5758631E+002, 6.8777652E+002, 6.1402865E+002, 5.2138951E+002, 4.2311384E+002, 3.4726328E+002, 2.9943025E+002, 2.6667433E+002, 2.5143433E+002, 2.5758001E+002, 2.6611272E+002, 2.7137517E+002, 2.6919817E+002, 2.6364917E+002, 2.5511918E+002, 2.3927762E+002, 2.1988216E+002, 2.0259537E+002, 1.8488475E+002, 1.6182139E+002, 1.4475193E+002, 1.3282415E+002, 1.2306129E+002, 1.1483924E+002, 1.0188902E+002, 8.4230893E+001, 7.2400023E+001, 6.6181284E+001, 6.6237251E+001, 6.9045151E+001, 7.3948945E+001
 1.1501292E+001, 9.7239519E+002, 9.7822352E+002, 9.8905760E+002, 9.8509164E+002, 9.5029274E+002, 8.9498618E+002, 8.0990619E+002, 7.4477838E+002, 6.9773319E+002, 6.5122986E+002, 6.1703128E+002, 5.7500422E+002, 5.3299067E+002, 5.0298377E+002, 4.5698010E+002, 3.8937676E+002, 3.2114698E+002, 2.6787599E+002, 2.2635701E+002, 1.9554119E+002, 1.8226853E+002, 1.8079586E+002, 1.8035287E+002, 1.7997960E+002, 1.7992087E+002, 1.8470324E+002, 1.9079255E+002, 1.9105616E+002, 1.7941780E+002, 1.6059797E+002, 1.4506385E+002, 1.3596567E+002, 1.3340207E+002, 1.3123384E+002, 1.2565182E+002, 1.1576406E+002, 1.0238041E+002, 8.5372861E+001, 7.1546443E+001, 6.7053470E+001
 1.1601835E+001, 9.9452495E+002, 9.8723014E+002, 9.9378128E+002, 9.9920288E+002, 9.7049674E+002, 8.9575158E+002, 8.1063272E+002, 7.2776798E+002, 6.6239560E+002, 6.0107630E+002, 5.3164370E+002, 4.6888860E+002, 4.2392198E+002, 3.9211527E+002, 3.5537178E+002, 3.2626332E+002, 2.9996395E+002, 2.7127891E+002, 2.4966886E+002, 2.3268050E+002, 2.1139221E+002, 1.9045346E+002, 1.7383710E+002, 1.6359230E+002, 1.5638316E+002, 1.4559381E+002, 1.3453038E+002, 1.3117592E+002, 1.3755877E+002, 1.4516416E+002, 1.5005787E+002, 1.4873406E+002, 1.3900260E+002, 1.2912576E+002, 1.2105993E+002, 1.1450734E+002, 1.1014493E+002, 1.0696567E+002, 1.0203717E+002, 9.3686820E+001
 1.1701014E+001, 1.0339645E+003, 1.0269291E+003, 1.0492728E+003, 1.0699442E+003, 1.0796508E+003, 1.0627323E+003, 1.0127942E+003, 9.1988654E+002, 8.0788395E+002, 7.0920125E+002, 6.2229597E+002, 5.5924345E+002, 5.1236142E+002, 4.5800641E+002, 4.0901295E+002, 3.6860337E+002, 3.4054538E+002, 3.1454808E+002, 2.7903594E+002, 2.4741587E+002, 2.2171247E+002, 1.9970159E+002, 1.8472446E+002, 1.6806895E+002, 1.5409533E+002, 1.4834791E+002, 1.4942867E+002, 1.4647195E+002, 1.3763110E+002, 1.2738176E+002, 1.1653517E+002, 1.0890494E+002, 1.0609095E+002, 1.1007089E+002, 1.1514977E+002, 1.1746505E+002, 1.1470921E+002, 1.1073554E+002, 1.0832413E+002, 1.0744095E+002
 1.1803694E+001, 1.0162072E+003, 1.0041719E+003, 1.0322834E+003, 1.0530107E+003, 1.0438675E+003, 1.0130180E+003, 9.7594137E+002, 9.3695238E+002, 8.8376604E+002, 8.1937147E+002, 7.2710349E+002, 6.2011755E+002, 5.3359912E+002, 4.8669581E+002, 4.5789589E+002, 4.3454177E+002, 4.0772788E+002, 3.7883498E+002, 3.5136104E+002, 3.2186564E+002, 2.9331712E+002, 2.6678111E+002, 2.3846587E+002, 2.1240254E+002, 1.9045360E+002, 1.6926046E+002, 1.4990734E+002, 1.3691468E+002, 1.2826677E+002, 1.2190662E+002, 1.1822971E+002, 1.1773194E+002, 1.1326721E+002, 1.0334489E+002, 9.3242045E+001, 8.4200910E+001, 8.1515871E+001, 8.5269796E+001, 9.2580518E+001, 9.8344931E+001
 1.1903297E+001, 9.9087132E+002, 9.9665965E+002, 1.0069884E+003, 9.9110823E+002, 9.3810393E+002, 8.8108608E+002, 8.2599176E+002, 7.5703834E+002, 6.9327986E+002, 6.7008664E+002, 6.5787163E+002, 6.3315095E+002, 5.5236859E+002, 4.3567436E+002, 3.6373491E+002, 3.3201949E+002, 3.2929557E+002, 3.2647710E+002, 3.2015684E+002, 3.1476124E+002, 3.1069329E+002, 2.9670314E+002, 2.7190947E+002, 2.4793431E+002, 2.3147409E+002, 2.1578267E+002, 2.0051637E+002, 1.8742436E+002, 1.7415234E+002, 1.6195372E+002, 1.5075258E+002, 1.3874947E+002, 1.2779519E+002, 1.1933417E+002, 1.1201343E+002, 1.0489215E+002, 9.6122850E+001, 8.5433335E+001, 7.6593226E+001, 7.1786445E+001
 1.2000000E+001, 1.0071091E+003, 9.9787008E+002, 1.0219330E+003, 1.0522045E+003, 1.0713879E+003, 1.0230744E+003, 9.3857916E+002, 8.6083889E+002, 7.6960262E+002, 6.6498950E+002, 5.7195366E+002, 4.9462224E+002, 4.3001888E+002, 3.8835974E+002, 3.3952832E+002, 2.7477685E+002, 2.3183168E+002, 2.1206677E+002, 2.1481297E+002, 2.1429542E+002, 2.0115019E+002, 1.9394290E+002, 2.0121430E+002, 2.1347259E+002, 2.1468018E+002, 2.0190565E+002, 1.8640360E+002, 1.7583242E+002, 1.7029451E+002, 1.6865936E+002, 1.7143460E+002, 1.7180833E+002, 1.6684141E+002, 1.6026447E+002, 1.5338652E+002, 1.4455753E+002, 1.3405100E+002, 1.2373288E+002, 1.1285280E+002, 1.0062375E+002
